{
	"__comment": "Conquest Reforged",
	"textures": {
		"particle": "block/acacia_button",
		"texture": "block/acacia_button",
		"texture1": "block/tripwire"
	},
	"elements": [ 	 
		{
			"__comment": "Element",
			"from": [ 5, 0, 5 ],
			"to": [ 11, 2, 11 ],
			"faces": {
				"down": { "uv": [ 5, 5, 11, 11 ], "texture": "#texture", "cullface": "down" },
				"up": { "uv": [ 5, 5, 11, 11 ], "texture": "#texture" },
				"north": { "uv": [ 5, 14, 11, 16 ], "texture": "#texture" },
				"south": { "uv": [ 5, 14, 11, 16 ], "texture": "#texture" },
				"west": { "uv": [ 5, 14, 11, 16 ], "texture": "#texture" },
				"east": { "uv": [ 5, 14, 11, 16 ], "texture": "#texture" }
			}
		},
		{
			"__comment": "Element",
			"from": [ 7, 2, 7 ],
			"to": [ 9, 8, 9 ],
			"faces": {
				"down": { "uv": [ 7, 7, 9, 9 ], "texture": "#texture", "cullface": "down" },
				"up": { "uv": [ 7, 7, 9, 9 ], "texture": "#texture" },
				"north": { "uv": [ 7, 8.5, 9, 14 ], "texture": "#texture" },
				"south": { "uv": [ 7, 8.5, 9, 14 ], "texture": "#texture" },
				"west": { "uv": [ 7, 8.5, 9, 14 ], "texture": "#texture" },
				"east": { "uv": [ 7, 8.5, 9, 14 ], "texture": "#texture" }
			}
		},
		{
			"__comment": "PlaneX5",
			"from": [ 8, 0, 0 ],
			"to": [ 8.001, 1, 3.5 ],
			"faces": {
				"west": { "uv": [ 0, 0.5, 3.5, 1.5 ], "texture": "#texture1" },
				"east": { "uv": [ 0, 0.5, 3.5, 1.5 ], "texture": "#texture1" }
			}
		},
		{
			"__comment": "PlaneX5",
			"from": [ 7.875, 0, 3.5 ],
			"to": [ 7.876, 1, 7 ],
			"rotation": { "origin": [ 7.875, 0, 3.5 ], "axis": "x", "angle": -45 },
			"faces": {
				"west": { "uv": [ 0, 1, 3.5, 2 ], "texture": "#texture1" },
				"east": { "uv": [ 0, 0.5, 3.5, 1.5 ], "texture": "#texture1" }
			}
		},
		{
			"__comment": "PlaneX5",
			"from": [ 8, 2.4015, 4.9372 ],
			"to": [ 8.001, 7.4015, 5.9372 ],
			"rotation": { "origin": [ 8, 2.25, 6 ], "axis": "x", "angle": 22.5 },
			"faces": {
				"west": { "uv": [ 0, 0.5, 5, 1.5 ], "texture": "#texture1", "rotation": 270 },
				"east": { "uv": [ 0, 0.5, 5, 1.5 ], "texture": "#texture1", "rotation": 270 }
			}
		},
		{
			"__comment": "PlaneY8",
			"from": [ 7.5, 0.5, 0 ],
			"to": [ 8.5, 0.501, 3.5 ],
			"faces": {
				"down": { "uv": [ 0, 0.5, 4, 1.5 ], "texture": "#texture1", "rotation": 90 },
				"up": { "uv": [ 0, 0.5, 4, 1.5 ], "texture": "#texture1", "rotation": 90 }
			}
		},
		{
			"__comment": "PlaneY8",
			"from": [ 7.375, 0.375, 3.125 ],
			"to": [ 8.375, 0.376, 7.125 ],
			"rotation": { "origin": [ 7.375, 0.375, 3.125 ], "axis": "x", "angle": -45 },
			"faces": {
				"down": { "uv": [ 0, 1, 4.5, 2 ], "texture": "#texture1", "rotation": 90 },
				"up": { "uv": [ 0, 1, 4.5, 2 ], "texture": "#texture1", "rotation": 90 }
			}
		},
		{
			"__comment": "PlaneY8",
			"from": [ 7.5, 3.0005, 5.7498 ],
			"to": [ 8.5, 8.0005, 5.7508 ],
			"rotation": { "origin": [ 7.5, 3, 5.75 ], "axis": "x", "angle": 22.5 },
			"faces": {
				"north": { "uv": [ 0, 0.5, 5.5, 1.5 ], "texture": "#texture1", "rotation": 270 },
				"south": { "uv": [ 0, 0.5, 5.5, 1.5 ], "texture": "#texture1", "rotation": 270 }
			}
		}
	]
}