{
	"credit": "Made with Blockbench",
	"ambientocclusion": true,
	"textures": {
		"cross": "block/allium",
		"particle": "block/allium"
	},
	"elements": [
		{
			"from": [0.8, 0, 8],
			"to": [15.2, 16, 8.001],
			"shade": true,
			"rotation": {"angle": 45, "axis": "y", "origin": [8, 8, 8], "rescale": true},
			"faces": {
				"north": {"uv": [0, 0, 16, 16], "texture": "#cross"},
				"south": {"uv": [0, 0, 16, 16], "texture": "#cross"}
			}
		},
		{
			"from": [8, 0, 0.8],
			"to": [8.001, 16, 15.2],
			"shade": true,
			"rotation": {"angle": 45, "axis": "y", "origin": [8, 8, 8], "rescale": true},
			"faces": {
				"east": {"uv": [0, 0, 16, 16], "texture": "#cross"},
				"west": {"uv": [0, 0, 16, 16], "texture": "#cross"}
			}
		},
		{
			"name": "PlaneY3",
			"from": [-0.875, 11.125, 8.625],
			"to": [15.125, 11.126, 13.125],
			"shade": true,
			"faces": {
				"up": {"uv": [0, 0, 16, 5], "rotation": 180, "texture": "#cross"},
				"down": {"uv": [0, 5, 16, 0], "rotation": 180, "texture": "#cross"}
			}
		},
		{
			"name": "PlaneY3",
			"from": [0.625, 11.125, 4.125],
			"to": [16.625, 11.126, 8.625],
			"shade": true,
			"faces": {
				"up": {"uv": [0, 0, 16, 5], "texture": "#cross"},
				"down": {"uv": [0, 5, 16, 0], "texture": "#cross"}
			}
		}
	]
}