{
	"credit": "Made with Blockbench",
	"textures": {
		"particle": "block/amethyst_cluster_block",
		"texture": "block/amethyst_cluster_block"
	},
	"elements": [
		{
			"name": "Element",
			"from": [7.5, -0.25, 3.5],
			"to": [11.5, 7.25, 7.5],
			"rotation": {"angle": -45, "axis": "y", "origin": [8, 0.25, 4.5]},
			"faces": {
				"north": {"uv": [4.5, 8.5, 8.5, 16], "texture": "#texture"},
				"east": {"uv": [8.5, 8.5, 12.5, 16], "texture": "#texture"},
				"south": {"uv": [7.5, 8.5, 11.5, 16], "texture": "#texture"},
				"west": {"uv": [3.5, 8.5, 7.5, 16], "texture": "#texture"},
				"up": {"uv": [7.5, 3.5, 11.5, 7.5], "texture": "#texture"},
				"down": {"uv": [7.5, 8.5, 11.5, 12.5], "texture": "#texture", "cullface": "down"}
			}
		},
		{
			"name": "Element",
			"from": [6, 0, 6.5],
			"to": [10, 9.5, 10.5],
			"faces": {
				"north": {"uv": [6, 6.5, 10, 16], "texture": "#texture"},
				"east": {"uv": [5.5, 6.5, 9.5, 16], "texture": "#texture"},
				"south": {"uv": [6, 6.5, 10, 16], "texture": "#texture"},
				"west": {"uv": [6.5, 6.5, 10.5, 16], "texture": "#texture"},
				"up": {"uv": [4, 6, 8, 10], "texture": "#texture"},
				"down": {"uv": [6, 5.5, 10, 9.5], "texture": "#texture", "cullface": "down"}
			}
		},
		{
			"name": "Element",
			"from": [8, 0, 9],
			"to": [11, 6, 12],
			"rotation": {"angle": 22.5, "axis": "x", "origin": [8.5, 0, 9]},
			"faces": {
				"north": {"uv": [5, 10, 8, 16], "texture": "#texture"},
				"east": {"uv": [4, 10, 7, 16], "texture": "#texture"},
				"south": {"uv": [8, 10, 11, 16], "texture": "#texture"},
				"west": {"uv": [9, 10, 12, 16], "texture": "#texture"},
				"up": {"uv": [8, 9, 11, 12], "texture": "#texture"},
				"down": {"uv": [8, 4, 11, 7], "texture": "#texture", "cullface": "down"}
			}
		},
		{
			"name": "Element",
			"from": [4, 0, 11],
			"to": [6.5, 2.5, 13.5],
			"rotation": {"angle": -22.5, "axis": "y", "origin": [5.25, 1.25, 12.25]},
			"faces": {
				"north": {"uv": [9.5, 13.5, 12, 16], "texture": "#texture"},
				"east": {"uv": [2.5, 13.5, 5, 16], "texture": "#texture"},
				"south": {"uv": [4, 13.5, 6.5, 16], "texture": "#texture"},
				"west": {"uv": [11, 13.5, 13.5, 16], "texture": "#texture"},
				"up": {"uv": [4, 11, 6.5, 13.5], "texture": "#texture"},
				"down": {"uv": [4, 2.5, 6.5, 5], "texture": "#texture", "cullface": "down"}
			}
		},
		{
			"name": "Element",
			"from": [2.5, 0, 3.5],
			"to": [6.5, 7, 7.5],
			"rotation": {"angle": 22.5, "axis": "y", "origin": [5.5, 0, 3.5]},
			"faces": {
				"north": {"uv": [9.5, 9, 13.5, 16], "texture": "#texture"},
				"east": {"uv": [8.5, 9, 12.5, 16], "texture": "#texture"},
				"south": {"uv": [2.5, 9, 6.5, 16], "texture": "#texture"},
				"west": {"uv": [3.5, 9, 7.5, 16], "texture": "#texture"},
				"up": {"uv": [4.5, 6, 8.5, 10], "texture": "#texture"},
				"down": {"uv": [2.5, 8.5, 6.5, 12.5], "texture": "#texture", "cullface": "down"}
			}
		},
		{
			"name": "Element",
			"from": [3, -1, 8],
			"to": [6, 4.5, 11],
			"rotation": {"angle": 22.5, "axis": "z", "origin": [3.5, -0.5, 8]},
			"faces": {
				"north": {"uv": [10, 11.5, 13, 16], "texture": "#texture"},
				"east": {"uv": [5, 11.5, 8, 16], "texture": "#texture"},
				"south": {"uv": [3, 9, 6, 13.5], "texture": "#texture"},
				"west": {"uv": [8, 11.5, 11, 16], "texture": "#texture"},
				"up": {"uv": [3, 8, 6, 11], "texture": "#texture"},
				"down": {"uv": [3, 5, 6, 8], "texture": "#texture", "cullface": "down"}
			}
		},
		{
			"name": "Element",
			"from": [7, -1, 1.5],
			"to": [10, 4, 4.5],
			"rotation": {"angle": -22.5, "axis": "x", "origin": [7.5, -0.5, 1.5]},
			"faces": {
				"north": {"uv": [6, 12, 9, 16], "texture": "#texture"},
				"east": {"uv": [8.5, 10, 11.5, 14], "texture": "#texture"},
				"south": {"uv": [7, 12, 10, 16], "texture": "#texture"},
				"west": {"uv": [8.5, 10.5, 11.5, 14.5], "texture": "#texture"},
				"up": {"uv": [7, 1.5, 10, 4.5], "texture": "#texture"},
				"down": {"uv": [7, 11.5, 10, 14.5], "texture": "#texture", "cullface": "down"}
			}
		},
		{
			"name": "Element",
			"from": [9.5, 0.25, 7],
			"to": [15, 3.25, 10],
			"rotation": {"angle": 22.5, "axis": "z", "origin": [14.25, 1.75, 6.5]},
			"faces": {
				"north": {"uv": [1, 12.75, 6.5, 15.75], "texture": "#texture"},
				"east": {"uv": [6, 12.75, 9, 15.75], "texture": "#texture"},
				"south": {"uv": [9.5, 12.75, 15, 15.75], "texture": "#texture"},
				"west": {"uv": [7, 12.75, 10, 15.75], "texture": "#texture", "cullface": "down"},
				"up": {"uv": [9.45669, 7, 14.95669, 10], "texture": "#texture"},
				"down": {"uv": [9.45669, 6, 14.95669, 9], "texture": "#texture"}
			}
		},
		{
			"name": "Element",
			"from": [9.5, 0, 4],
			"to": [13.5, 5, 8],
			"faces": {
				"north": {"uv": [2.5, 8.5, 6.5, 13.5], "texture": "#texture"},
				"east": {"uv": [8, 11, 12, 16], "texture": "#texture"},
				"south": {"uv": [9.5, 10, 13.5, 15], "texture": "#texture"},
				"west": {"uv": [4, 11, 8, 16], "texture": "#texture"},
				"up": {"uv": [9.5, 4, 13.5, 8], "texture": "#texture"},
				"down": {"uv": [9.5, 8, 13.5, 12], "texture": "#texture", "cullface": "down"}
			}
		}
	]
}