{
	"credit": "Made with Blockbench",
	"textures": {
		"1": "block/iron_block",
		"particle": "block/iron_block",
		"bar": "block/dark_oak_planks"
	},
	"elements": [
		{
			"from": [0.03125, 13, 7],
			"to": [16.03125, 15, 9],
			"faces": {
				"north": {"uv": [0.5, 0, 2.5, 16], "rotation": 90, "texture": "#bar"},
				"east": {"uv": [0, 0, 2, 2], "rotation": 180, "texture": "#bar"},
				"south": {"uv": [5, 0, 7, 16], "rotation": 90, "texture": "#bar"},
				"west": {"uv": [0, 0, 2, 2], "rotation": 180, "texture": "#bar"},
				"up": {"uv": [3.5, 0, 5.5, 16], "rotation": 90, "texture": "#bar"},
				"down": {"uv": [0.5, 0, 2.5, 16], "rotation": 90, "texture": "#bar"}
			}
		},
		{
			"from": [5.5, 3.75, 7.0625],
			"to": [7.5, 12.75, 8.96875],
			"rotation": {"angle": -45, "axis": "z", "origin": [8, 14, 8]},
			"faces": {
				"north": {"uv": [1, 1, 3, 8.5], "texture": "#bar"},
				"east": {"uv": [1, 1, 3, 8.5], "texture": "#bar"},
				"south": {"uv": [1, 1, 3, 8.5], "texture": "#bar"},
				"west": {"uv": [1, 1, 3, 8.5], "texture": "#bar"},
				"up": {"uv": [1, 1, 3, 8.5], "rotation": 90, "texture": "#bar"},
				"down": {"uv": [1, 1, 3, 8.5], "rotation": 270, "texture": "#bar"}
			}
		},
		{
			"from": [6.90625, 12.75, 6.84375],
			"to": [9.0625, 15.25, 9.09375],
			"faces": {
				"north": {"uv": [7.75, 0.75, 10.25, 3.25], "texture": "#1"},
				"east": {"uv": [7.75, 0.75, 10.25, 3.25], "texture": "#1"},
				"south": {"uv": [7.75, 0.75, 10.25, 3.25], "texture": "#1"},
				"west": {"uv": [7.75, 0.75, 10.25, 3.25], "rotation": 180, "texture": "#1"},
				"up": {"uv": [6.75, 5.75, 9.25, 8.25], "texture": "#1"},
				"down": {"uv": [6.75, 0.75, 9.25, 3.25], "texture": "#1"}
			}
		},
		{
			"from": [8.5, 3.5, 7.0625],
			"to": [10.5, 12.75, 8.96875],
			"rotation": {"angle": 45, "axis": "z", "origin": [8, 14, 8]},
			"faces": {
				"north": {"uv": [3, 1, 1, 8.5], "texture": "#bar"},
				"east": {"uv": [3, 1, 1, 8.5], "texture": "#bar"},
				"south": {"uv": [3, 1, 1, 8.5], "texture": "#bar"},
				"west": {"uv": [3, 1, 1, 8.5], "texture": "#bar"},
				"up": {"uv": [1, 8.5, 3, 1], "rotation": 90, "texture": "#bar"},
				"down": {"uv": [1, 8.5, 3, 1], "rotation": 270, "texture": "#bar"}
			}
		}
	]
}