{ "parent": "block/block",
    "display": {
        "gui": {
            "rotation": [ 30, 135, 0 ],
            "translation": [ 0, 0, 0],
            "scale":[ 0.625, 0.625, 0.625 ]
        },
        "fixed": {
            "rotation": [ 0, 90, 0 ],
            "translation": [ 0, 0, 0],
            "scale":[ 0.5, 0.5, 0.5 ]
        }
},

"textures": {

  "particle": "block/birch_planks",
  "texture": "block/birchfence",
  "birchfence": "block/birchfence"
},
"elements": [ 
{
  "__comment": "Center post",
  "from": [ 6, 0, -1 ],
  "to": [ 10, 16, 3 ],
  "faces": {
    "down": { "uv": [ 6.001, 6.001, 9.999, 9.999 ], "texture": "#texture", "cullface": "down" },
    "up":  { "uv": [ 6.001, 6.001, 9.999, 9.999 ], "texture": "#texture", "cullface": "up" },
    "north": { "uv": [ 6.001, 0.001, 9.999, 15.999 ], "texture": "#texture" },
    "south": { "uv": [ 6.001, 0.001, 9.999, 15.999 ], "texture": "#texture" },
    "west": { "uv": [ 6.001, 0.001, 9.999, 15.999 ], "texture": "#texture" },
    "east": { "uv": [ 6.001, 0.001, 9.999, 15.999 ], "texture": "#texture" }
  }
},
{
  "__comment": "Center post*",
  "from": [ 6, 0, 12 ],
  "to": [ 10, 16, 16 ],
  "faces": {
    "down": { "uv": [ 6.001, 6.001, 9.999, 9.999 ], "texture": "#texture", "cullface": "down" },
    "up":  { "uv": [ 6.001, 6.001, 9.999, 9.999 ], "texture": "#texture", "cullface": "up" },
    "north": { "uv": [ 6.001, 0.001, 9.999, 15.999 ], "texture": "#texture" },
    "south": { "uv": [ 6.001, 0.001, 9.999, 15.999 ], "texture": "#texture" },
    "west": { "uv": [ 6.001, 0.001, 9.999, 15.999 ], "texture": "#texture" },
    "east": { "uv": [ 6.001, 0.001, 9.999, 15.999 ], "texture": "#texture" }
  }
},
{
  "__comment": "Center post*",
  "from": [ 7.5, 0, 9.5 ],
  "to": [ 8.5, 16, 11.5 ],
  "faces": {
    "down": { "uv": [ 8.499, 5.499, 7.501, 3.501 ], "texture": "#texture", "cullface": "down" },
    "up":  { "uv": [ 7.501, 3.501, 8.499, 5.499 ], "texture": "#texture", "cullface": "up" },
    "north": { "uv": [ 7.501, 0.001, 8.499, 15.999 ], "texture": "#texture" },
    "south": { "uv": [ 7.501, 0.001, 8.499, 15.999 ], "texture": "#texture" },
    "west": { "uv": [ 3.501, 0.001, 5.499, 15.999 ], "texture": "#texture" },
    "east": { "uv": [ 10.501, 0.001, 12.499, 15.999 ], "texture": "#texture" }
  }
},
{
  "__comment": "Center post*",
  "from": [ 7.5, 0, 6.5 ],
  "to": [ 8.5, 16, 8.5 ],
  "faces": {
    "down": { "uv": [ 8.499, 2.499, 7.501, 0.501 ], "texture": "#texture", "cullface": "down" },
    "up":  { "uv": [ 7.501, 0.501, 8.499, 2.499 ], "texture": "#texture", "cullface": "up" },
    "north": { "uv": [ 7.501, 0.001, 8.499, 15.999 ], "texture": "#texture" },
    "south": { "uv": [ 7.501, 0.001, 8.499, 15.999 ], "texture": "#texture" },
    "west": { "uv": [ 0.501, 0.001, 2.499, 15.999 ], "texture": "#texture" },
    "east": { "uv": [ 13.501, 0.001, 15.499, 15.999 ], "texture": "#texture" }
  }
},
{
  "__comment": "Center post*",
  "from": [ 7.75, 11, 3 ],
  "to": [ 8.25, 13.5, 12 ],
  "faces": {
    "down": { "uv": [ 8.249, 5.999, 7.751, 0.001 ], "texture": "#texture" },
    "up":  { "uv": [ 7.751, 0.001, 8.249, 5.999 ], "texture": "#texture" },
    "north": { "uv": [ 7.751, 2.501, 8.249, 4.999 ], "texture": "#texture", "cullface": "north" },
    "south": { "uv": [ 7.751, 2.501, 8.249, 4.999 ], "texture": "#texture" },
    "west": { "uv": [ 0.001, 2.501, 5.999, 4.999 ], "texture": "#texture" },
    "east": { "uv": [ 10.001, 2.501, 15.999, 4.999 ], "texture": "#texture" }
  }
},
{
  "__comment": "Center post*",
  "from": [ 7.75, 3.5, 3 ],
  "to": [ 8.25, 6, 12 ],
  "faces": {
    "down": { "uv": [ 8.249, 5.999, 7.751, 0.001 ], "texture": "#texture" },
    "up":  { "uv": [ 7.751, 0.001, 8.249, 5.999 ], "texture": "#texture" },
    "north": { "uv": [ 7.751, 10.001, 8.249, 12.499 ], "texture": "#texture", "cullface": "north" },
    "south": { "uv": [ 7.751, 10.001, 8.249, 12.499 ], "texture": "#texture" },
    "west": { "uv": [ 0.001, 10.001, 5.999, 12.499 ], "texture": "#texture" },
    "east": { "uv": [ 10.001, 10.001, 15.999, 12.499 ], "texture": "#texture" }
  }
},
{
  "__comment": "Center post*",
  "from": [ 7.5625, 14.625, 6.5 ],
  "to": [ 8.4375, 16, 7.875 ],
  "rotation": { "origin": [ 7.5625, 16, 6.5 ], "axis": "x", "angle": -45 },
  "faces": {
    "down": { "uv": [ 8.4365, 1.874, 7.5635, 0.501 ], "texture": "#texture" },
    "up":  { "uv": [ 7.5635, 0.501, 8.4365, 1.874 ], "texture": "#texture", "cullface": "up" },
    "north": { "uv": [ 7.5635, 0.001, 8.4365, 1.374 ], "texture": "#texture" },
    "south": { "uv": [ 7.5635, 0.001, 8.4365, 1.374 ], "texture": "#texture" },
    "west": { "uv": [ 0.501, 0.001, 1.874, 1.374 ], "texture": "#texture" },
    "east": { "uv": [ 14.126, 0.001, 15.499, 1.374 ], "texture": "#texture" }
  }
},
{
  "__comment": "Center post*",
  "from": [ 7.5625, 14.625, 9.5625 ],
  "to": [ 8.4375, 16, 10.9375 ],
  "rotation": { "origin": [ 7.5625, 16, 9.5625 ], "axis": "x", "angle": -45 },
  "faces": {
    "down": { "uv": [ 8.4365, 4.9365, 7.5635, 3.5635 ], "texture": "#texture", "cullface": "up" },
    "up":  { "uv": [ 7.5635, 3.5635, 8.4365, 4.9365 ], "texture": "#texture", "cullface": "up" },
    "north": { "uv": [ 7.5635, 0.001, 8.4365, 1.3115 ], "texture": "#texture", "cullface": "up" },
    "south": { "uv": [ 7.5635, 0.001, 8.4365, 1.3115 ], "texture": "#texture", "cullface": "up" },
    "west": { "uv": [ 3.5635, 0.001, 4.9365, 1.3115 ], "texture": "#texture", "cullface": "up" },
    "east": { "uv": [ 11.0635, 0.001, 12.4365, 1.3115 ], "texture": "#texture", "cullface": "up" }
  }
},
{
  "__comment": "Center post*",
  "from": [ 7.5, 0, 3.5 ],
  "to": [ 8.5, 16, 5.5 ],
  "faces": {
    "down": { "uv": [ 8.499, 2.499, 7.501, 0.501 ], "texture": "#texture", "cullface": "down" },
    "up":  { "uv": [ 7.501, 0.501, 8.499, 2.499 ], "texture": "#texture", "cullface": "up" },
    "north": { "uv": [ 7.501, 0.001, 8.499, 15.999 ], "texture": "#texture" },
    "south": { "uv": [ 7.501, 0.001, 8.499, 15.999 ], "texture": "#texture" },
    "west": { "uv": [ 0.501, 0.001, 2.499, 15.999 ], "texture": "#texture" },
    "east": { "uv": [ 13.501, 0.001, 15.499, 15.999 ], "texture": "#texture" }
  }
},
{
  "__comment": "Center post*",
  "from": [ 7.5625, 14.625, 3.5 ],
  "to": [ 8.4375, 16, 4.875 ],
  "rotation": { "origin": [ 7.5625, 16, 3.5 ], "axis": "x", "angle": -45 },
  "faces": {
    "down": { "uv": [ 8.4365, 1.874, 7.5635, 0.501 ], "texture": "#texture" },
    "up":  { "uv": [ 7.5635, 0.501, 8.4365, 1.874 ], "texture": "#texture", "cullface": "up" },
    "north": { "uv": [ 7.5635, 0.001, 8.4365, 1.374 ], "texture": "#texture" },
    "south": { "uv": [ 7.5635, 0.001, 8.4365, 1.374 ], "texture": "#texture" },
    "west": { "uv": [ 0.501, 0.001, 1.874, 1.374 ], "texture": "#texture" },
    "east": { "uv": [ 14.126, 0.001, 15.499, 1.374 ], "texture": "#texture" }
  }
}
]
}