{
	"parent": "block/block",
	"textures": {
		"particle": "block/blue_candle",
		"candle": "block/blue_candle",
		"flame": "block/blue_candle_flame"
	},
	"elements": [ 	 
		{
			"from": [ 6.5, 0, 6.5 ],
			"to": [ 9.5, 10, 9.5 ],
			"faces": {
				"down": { "uv": [ 0, 7, 3, 10 ], "texture": "#candle" },
				"north": { "uv": [ 0, 0, 3, 10 ], "texture": "#candle" },
				"south": { "uv": [ 0, 0, 3, 10 ], "texture": "#candle" },
				"west": { "uv": [ 0, 0, 3, 10 ], "texture": "#candle" },
				"east": { "uv": [ 0, 0, 3, 10 ], "texture": "#candle" }
			}
		},
		{
			"from": [ 6, 6, 6 ],
			"to": [ 10, 10, 10 ],
			"faces": {
				"up": { "uv": [ 3, 7, 6.5, 10.5 ], "texture": "#candle" },
				"north": { "uv": [ 3, 10.5, 6.5, 14 ], "texture": "#candle" },
				"south": { "uv": [ 3, 10.5, 6.5, 14 ], "texture": "#candle" },
				"west": { "uv": [ 3, 10.5, 6.5, 14 ], "texture": "#candle" },
				"east": { "uv": [ 3, 10.5, 6.5, 14 ], "texture": "#candle" }
			}
		},
		{
			"from": [ 8, 10, 6.25 ],
			"to": [ 8.001, 14, 9.75 ],
			"faces": {
				"west": { "uv": [ 6.5, 2, 10, 6 ], "texture": "#flame" },
				"east": { "uv": [ 6.5, 2, 10, 6 ], "texture": "#flame" }
			}
		},
		{
			"from": [ 6.25, 10, 8 ],
			"to": [ 9.75, 14, 8.001 ],
			"faces": {
				"north": { "uv": [ 6.5, 2, 10, 6 ], "texture": "#flame" },
				"south": { "uv": [ 6.5, 2, 10, 6 ], "texture": "#flame" }
			}
		},
		{
			"from": [ 6.5, 0, 3 ],
			"to": [ 10, 7, 6.5 ],
			"rotation": { "origin": [ 8.25, 3.5, 4.75 ], "axis": "y", "angle": -22.5 },
			"faces": {
				"down": { "uv": [ 3, 3.5, 6.5, 7 ], "texture": "#candle" },
				"up": { "uv": [ 3, 7, 6.5, 10.5 ], "texture": "#candle" },
				"north": { "uv": [ 3, 0, 6.5, 7 ], "texture": "#candle" },
				"south": { "uv": [ 3, 0, 6.5, 7 ], "texture": "#candle" },
				"west": { "uv": [ 3, 0, 6.5, 7 ], "texture": "#candle" },
				"east": { "uv": [ 3, 0, 6.5, 7 ], "texture": "#candle" }
			}
		},
		{
			"from": [ 8.25, 7, 3 ],
			"to": [ 8.251, 11, 6.5 ],
			"rotation": { "origin": [ 8.25, 9, 4.75 ], "axis": "y", "angle": 45 },
			"faces": {
				"west": { "uv": [ 6.5, 2, 10, 6 ], "texture": "#flame" },
				"east": { "uv": [ 6.5, 2, 10, 6 ], "texture": "#flame" }
			}
		},
		{
			"from": [ 6.5, 7, 4.75 ],
			"to": [ 10, 11, 4.751 ],
			"rotation": { "origin": [ 8.25, 9, 4.75 ], "axis": "y", "angle": 45 },
			"faces": {
				"north": { "uv": [ 6.5, 2, 10, 6 ], "texture": "#flame" },
				"south": { "uv": [ 6.5, 2, 10, 6 ], "texture": "#flame" }
			}
		},
		{
			"from": [ 9, 0, 8.5 ],
			"to": [ 12, 5, 11.5 ],
			"rotation": { "origin": [ 10.5, 0, 10 ], "axis": "y", "angle": 22.5 },
			"faces": {
				"down": { "uv": [ 0, 7, 3, 10 ], "texture": "#candle" },
				"up": { "uv": [ 0, 10, 3, 13 ], "texture": "#candle", "rotation": 270 },
				"north": { "uv": [ 6.5, 0, 9.5, 5 ], "texture": "#candle" },
				"south": { "uv": [ 6.5, 0, 9.5, 5 ], "texture": "#candle" },
				"west": { "uv": [ 6.5, 0, 9.5, 5 ], "texture": "#candle" },
				"east": { "uv": [ 6.5, 0, 9.5, 5 ], "texture": "#candle" }
			}
		},
		{
			"from": [ 8.75, 5, 10.5 ],
			"to": [ 12.25, 9, 10.501 ],
			"faces": {
				"north": { "uv": [ 6.5, 2, 10, 6 ], "texture": "#flame" },
				"south": { "uv": [ 6.5, 2, 10, 6 ], "texture": "#flame" }
			}
		},
		{
			"from": [ 10.5, 5, 8.75 ],
			"to": [ 10.501, 9, 12.25 ],
			"faces": {
				"west": { "uv": [ 6.5, 2, 10, 6 ], "texture": "#flame" },
				"east": { "uv": [ 6.5, 2, 10, 6 ], "texture": "#flame" }
			}
		},
		{
			"from": [ 4.5, 0, 6.25 ],
			"to": [ 8, 4, 9.75 ],
			"rotation": { "origin": [ 6.25, 0, 8 ], "axis": "z", "angle": 22.5 },
			"faces": {
				"down": { "uv": [ 3, 3.5, 6.5, 7 ], "texture": "#candle" },
				"up": { "uv": [ 3, 7, 6.5, 10.5 ], "texture": "#candle" },
				"north": { "uv": [ 9.5, 0, 13, 4 ], "texture": "#candle" },
				"south": { "uv": [ 9.5, 0, 13, 4 ], "texture": "#candle" },
				"west": { "uv": [ 9.5, 0, 13, 4 ], "texture": "#candle" },
				"east": { "uv": [ 9.5, 0, 13, 4 ], "texture": "#candle" }
			}
		},
		{
			"from": [ 4.5, 3.5, 6.25 ],
			"to": [ 4.501, 7.5, 9.75 ],
			"faces": {
				"west": { "uv": [ 6.5, 2, 10, 6 ], "texture": "#flame" },
				"east": { "uv": [ 6.5, 2, 10, 6 ], "texture": "#flame" }
			}
		},
		{
			"from": [ 2.75, 3.5, 8 ],
			"to": [ 6.25, 7.5, 8.001 ],
			"faces": {
				"north": { "uv": [ 6.5, 2, 10, 6 ], "texture": "#flame" },
				"south": { "uv": [ 6.5, 2, 10, 6 ], "texture": "#flame" }
			}
		}
	],
	"display": {
		"thirdperson_righthand": {
			"rotation":  [ 75, 45, 0 ],
			"translation":  [ 0, 2.5, 3 ],
			"scale":  [ 0.575, 0.575, 0.575 ]
		},
		"thirdperson_lefthand": {
			"rotation":  [ 75, 45, 0 ],
			"translation":  [ 0, 2.5, 3 ],
			"scale":  [ 0.575, 0.575, 0.575 ]
		},
		"firstperson_righthand": {
			"rotation":  [ 0, 45, 0 ],
			"translation":  [ 0, 2, 0 ],
			"scale":  [ 0.6, 0.6, 0.6 ]
		},
		"firstperson_lefthand": {
			"rotation":  [ 0, 45, 0 ],
			"translation":  [ 0, 2, 0 ],
			"scale":  [ 0.6, 0.6, 0.6 ]
		},
		"gui": {
			"rotation":  [ 30, 60, 0 ],
			"translation":  [ 0, 1, 0 ],
			"scale":  [ 0.725, 0.725, 0.725 ]
		}
	}
}