{
	"parent": "block/block",
	"textures": {
		"particle": "block/oil_lamp",
		"candle": "block/oil_lamp",
		"flame": "block/candle_lit"
	},
	"elements": [ 	 
		{
			"from": [ 4.5, 0.5, 4.5 ],
			"to": [ 11.5, 2.5, 11.5 ],
			"rotation": { "origin": [ 8, 1.5, 8 ], "axis": "y", "angle": -45 },
			"faces": {
				"down": { "uv": [ 8.5, 0.5, 15.5, 7.5 ], "texture": "#candle", "rotation": 270 },
				"up": { "uv": [ 0.5, 0.5, 7.5, 7.5 ], "texture": "#candle" },
				"north": { "uv": [ 16, 8, 9, 10 ], "texture": "#candle" },
				"south": { "uv": [ 16, 10, 9, 12 ], "texture": "#candle" },
				"west": { "uv": [ 9, 8, 16, 10 ], "texture": "#candle" },
				"east": { "uv": [ 9, 10, 16, 12 ], "texture": "#candle" }
			}
		},
		{
			"from": [ 5.75, 0, 5.75 ],
			"to": [ 10.25, 0.5, 10.25 ],
			"rotation": { "origin": [ 8, 0.25, 8 ], "axis": "y", "angle": -45 },
			"faces": {
				"down": { "uv": [ 9.5, 1.5, 14, 6 ], "texture": "#candle" },
				"north": { "uv": [ 9.5, 9.5, 14, 10 ], "texture": "#candle" },
				"south": { "uv": [ 9.5, 9.5, 14, 10 ], "texture": "#candle" },
				"west": { "uv": [ 9.5, 9.5, 14, 10 ], "texture": "#candle" },
				"east": { "uv": [ 9.5, 9.5, 14, 10 ], "texture": "#candle" }
			}
		},
		{
			"from": [ 4.465, 0.505, 6.59 ],
			"to": [ 11.535, 2.495, 9.41 ],
			"faces": {
				"down": { "uv": [ 8.5, 2.5, 15.5, 5.5 ], "texture": "#candle" },
				"up": { "uv": [ 0.5, 2.5, 7.5, 5.5 ], "texture": "#candle" },
				"west": { "uv": [ 11, 10, 14, 12 ], "texture": "#candle" },
				"east": { "uv": [ 11, 10, 14, 12 ], "texture": "#candle" }
			}
		},
		{
			"from": [ 6.585, 0.505, 10.525 ],
			"to": [ 9.415, 2.495, 11.525 ],
			"faces": {
				"down": { "uv": [ 10.5, 0.5, 13.5, 1.5 ], "texture": "#candle" },
				"up": { "uv": [ 2.5, 6.5, 5.5, 7.5 ], "texture": "#candle" },
				"south": { "uv": [ 10, 8, 13, 10 ], "texture": "#candle" }
			}
		},
		{
			"from": [ 7.75, 1.125, 10.25 ],
			"to": [ 8.25, 4.125, 12.25 ],
			"rotation": { "origin": [ 8, 2.625, 11.25 ], "axis": "x", "angle": 22.5 },
			"faces": {
				"down": { "uv": [ 0, 15.5, 2, 16 ], "texture": "#candle", "rotation": 270 },
				"up": { "uv": [ 0, 13, 2, 13.5 ], "texture": "#candle", "rotation": 90 },
				"north": { "uv": [ 0, 13, 0.5, 16 ], "texture": "#candle" },
				"south": { "uv": [ 1.5, 13, 2, 16 ], "texture": "#candle" },
				"west": { "uv": [ 2, 13, 0, 16 ], "texture": "#candle" },
				"east": { "uv": [ 0, 13, 2, 16 ], "texture": "#candle" }
			}
		},
		{
			"from": [ 4.53, 1.5, 3.78 ],
			"to": [ 6.03, 2.49, 5.28 ],
			"rotation": { "origin": [ 8, 9.5, 7.25 ], "axis": "y", "angle": -45 },
			"faces": {
				"down": { "uv": [ 8.5, 0.5, 10, 2 ], "texture": "#candle", "rotation": 90 },
				"up": { "uv": [ 0, 0, 1.5, 1.5 ], "texture": "#candle" },
				"north": { "uv": [ 10.5, 9, 9, 10 ], "texture": "#candle" },
				"south": { "uv": [ 12.5, 9, 14, 10 ], "texture": "#candle" },
				"west": { "uv": [ 9, 9, 10.5, 10 ], "texture": "#candle" },
				"east": { "uv": [ 12.5, 9, 14, 10 ], "texture": "#candle" }
			}
		},
		{
			"from": [ 8, 2.5, 2.5 ],
			"to": [ 8.001, 4.5, 4.25 ],
			"rotation": { "origin": [ 8, 3.5, 3.375 ], "axis": "y", "angle": -45 },
			"faces": {
				"west": { "uv": [ 6.5, 2, 10, 6 ], "texture": "#flame" },
				"east": { "uv": [ 10, 2, 6.5, 6 ], "texture": "#flame" }
			}
		},
		{
			"from": [ 8, 2.5, 2.5 ],
			"to": [ 8.001, 4.5, 4.25 ],
			"rotation": { "origin": [ 8, 3.5, 3.375 ], "axis": "y", "angle": 45 },
			"faces": {
				"west": { "uv": [ 6.5, 2, 10, 6 ], "texture": "#flame" },
				"east": { "uv": [ 10, 2, 6.5, 6 ], "texture": "#flame" }
			}
		}
	],
	"display": {
		"thirdperson_righthand": {
			"rotation":  [ 75, 45, 0 ],
			"translation":  [ 0, 1.5, 4 ],
			"scale":  [ 0.675, 0.675, 0.675 ]
		},
		"thirdperson_lefthand": {
			"rotation":  [ 75, 45, 0 ],
			"translation":  [ 0, 1.5, 4 ],
			"scale":  [ 0.675, 0.675, 0.675 ]
		},
		"firstperson_righthand": {
			"rotation":  [ 0, 45, 0 ],
			"translation":  [ 0, 6, 0 ],
			"scale":  [ 0.6, 0.6, 0.6 ]
		},
		"firstperson_lefthand": {
			"rotation":  [ 0, 45, 0 ],
			"translation":  [ 0, 6, 0 ],
			"scale":  [ 0.6, 0.6, 0.6 ]
		},
		"gui": {
			"rotation":  [ 30, 60, 0 ],
			"translation":  [ 0, 2, 0 ],
			"scale":  [ 0.825, 0.825, 0.825 ]
		}
	}
}