{
	"textures": {
		"particle": "block/cake_side",
		"bottom": "block/cake_bottom",
		"top": "block/cake_top",
		"side": "block/cake_side",
		"candle": "block/candle_lit",
		"holder": "block/candle_top"
	},
	"elements": [ 	 
		{
			"from": [ 1, 0, 1 ],
			"to": [ 15, 8, 15 ],
			"faces": {
				"down": { "uv": [ 1, 1, 15, 15 ], "texture": "#bottom", "cullface": "down" },
				"up": { "uv": [ 1, 1, 15, 15 ], "texture": "#top" },
				"north": { "uv": [ 1, 8, 15, 16 ], "texture": "#side" },
				"south": { "uv": [ 1, 8, 15, 16 ], "texture": "#side" },
				"west": { "uv": [ 1, 8, 15, 16 ], "texture": "#side" },
				"east": { "uv": [ 1, 8, 15, 16 ], "texture": "#side" }
			}
		},
		{
			"from": [ 6.75, 6.5, 6.75 ],
			"to": [ 9.25, 15.5, 9.25 ],
			"faces": {
				"north": { "uv": [ 7, 6, 9.5, 15 ], "texture": "#candle" },
				"south": { "uv": [ 7, 6, 9.5, 15 ], "texture": "#candle" },
				"west": { "uv": [ 7, 6, 9.5, 15 ], "texture": "#candle" },
				"east": { "uv": [ 7, 6, 9.5, 15 ], "texture": "#candle" }
			}
		},
		{
			"from": [ 6.25, 12, 6.25 ],
			"to": [ 9.75, 15.5, 9.75 ],
			"faces": {
				"up": { "uv": [ 4.5, 0, 8, 3.5 ], "texture": "#holder" },
				"north": { "uv": [ 4.5, 3.5, 8, 7 ], "texture": "#holder" },
				"south": { "uv": [ 4.5, 3.5, 8, 7 ], "texture": "#holder" },
				"west": { "uv": [ 4.5, 3.5, 8, 7 ], "texture": "#holder" },
				"east": { "uv": [ 4.5, 3.5, 8, 7 ], "texture": "#holder" }
			}
		},
		{
			"from": [ 6.25, 15.5, 8 ],
			"to": [ 9.75, 19.5, 8.001 ],
			"rotation": { "origin": [ 8, 17.5, 8 ], "axis": "y", "angle": 45 },
			"faces": {
				"north": { "uv": [ 6.5, 2, 10, 6 ], "texture": "#candle" },
				"south": { "uv": [ 6.5, 2, 10, 6 ], "texture": "#candle" }
			}
		},
		{
			"from": [ 8, 15.5, 6.25 ],
			"to": [ 8.001, 19.5, 9.75 ],
			"rotation": { "origin": [ 8, 17.5, 8 ], "axis": "y", "angle": 45 },
			"faces": {
				"west": { "uv": [ 6.5, 2, 10, 6 ], "texture": "#candle" },
				"east": { "uv": [ 6.5, 2, 10, 6 ], "texture": "#candle" }
			}
		}
	]
}