{
	"credit": "Made with Blockbench",
	"parent": "block/cube_all",
	"ambientocclusion": false,
	"textures": {
		"0": "block/cartgrahertable_side",
		"1": "block/cartography_table_top",
		"2": "block/oak_planks",
		"3": "block/cartography_table_utilities",
		"particle": "block/cartgrahertable_side"
	},
	"elements": [
		{
			"from": [0, 0, 0],
			"to": [16, 16, 16],
			"faces": {
				"north": {"uv": [0, 0, 16, 16], "texture": "#0", "cullface": "north"},
				"east": {"uv": [0, 0, 16, 16], "texture": "#0", "cullface": "east"},
				"south": {"uv": [0, 0, 16, 16], "texture": "#0", "cullface": "south"},
				"west": {"uv": [0, 0, 16, 16], "texture": "#0", "cullface": "west"},
				"up": {"uv": [0, 0, 16, 16], "texture": "#1", "cullface": "up"},
				"down": {"uv": [0, 0, 16, 16], "texture": "#2", "cullface": "down"}
			}
		},
		{
			"from": [8.82538, 16, 1.94623],
			"to": [11.82538, 17.03125, 4.94623],
			"rotation": {"angle": -22.5, "axis": "y", "origin": [8, 8, 8]},
			"faces": {
				"north": {"uv": [7, 13, 8, 16], "rotation": 90, "texture": "#3", "cullface": "up"},
				"east": {"uv": [7, 13, 8, 16], "rotation": 90, "texture": "#3", "cullface": "up"},
				"south": {"uv": [7, 13, 8, 16], "rotation": 90, "texture": "#3", "cullface": "up"},
				"west": {"uv": [7, 13, 8, 16], "rotation": 90, "texture": "#3", "cullface": "up"},
				"up": {"uv": [4, 13, 7, 16], "texture": "#3", "cullface": "up"},
				"down": {"uv": [4, 13, 7, 16], "texture": "#3", "cullface": "up"}
			}
		}
	]
}