{
	"credit": "Made with Blockbench",
	"textures": {
		"inside": "block/cauldron_inner",
		"top": "block/cauldron_top",
		"particle": "block/cauldron_side",
		"side": "block/cauldron_side"
	},
	"elements": [
		{
			"from": [0.5, 0.5, 0.5],
			"to": [2.5, 16, 15.5],
			"faces": {
				"north": {"uv": [13.5, 0, 15.5, 15.5], "texture": "#side"},
				"east": {"uv": [0.5, 0, 15.5, 15.5], "texture": "#side"},
				"south": {"uv": [0.5, 0, 2.5, 15.5], "texture": "#side"},
				"west": {"uv": [0.5, 0, 15.5, 15.5], "texture": "#side"},
				"up": {"uv": [0.5, 0.5, 2.5, 15.5], "texture": "#top", "cullface": "up"},
				"down": {"uv": [15.5, 15.5, 13.5, 0.5], "texture": "#inside"}
			}
		},
		{
			"from": [2, 0.5, 2],
			"to": [14, 2.5, 14],
			"faces": {
				"up": {"uv": [2, 2, 14, 14], "texture": "#inside"},
				"down": {"uv": [14, 14, 2, 2], "texture": "#inside"}
			}
		},
		{
			"from": [13.5, 0.5, 0.5],
			"to": [15.5, 16, 15.5],
			"faces": {
				"north": {"uv": [0.5, 0, 2.5, 15.5], "texture": "#side"},
				"east": {"uv": [0.5, 0, 15.5, 15.5], "texture": "#side"},
				"south": {"uv": [13.5, 0, 15.5, 15.5], "texture": "#side"},
				"west": {"uv": [0.5, 0, 15.5, 15.5], "texture": "#side"},
				"up": {"uv": [13.5, 0.5, 15.5, 15.5], "texture": "#top", "cullface": "up"},
				"down": {"uv": [2.5, 15.5, 0.5, 0.5], "texture": "#inside"}
			}
		},
		{
			"from": [2.5, 0.5, 0.5],
			"to": [13.5, 16, 2.5],
			"faces": {
				"north": {"uv": [2.5, 0, 13.5, 15.5], "texture": "#side"},
				"south": {"uv": [2.5, 0, 13.5, 15.5], "texture": "#side"},
				"up": {"uv": [2.5, 0.5, 13.5, 2.5], "texture": "#top", "cullface": "up"},
				"down": {"uv": [13.5, 2.5, 2.5, 0.5], "texture": "#inside"}
			}
		},
		{
			"from": [2.5, 0.5, 13.5],
			"to": [13.5, 16, 15.5],
			"faces": {
				"north": {"uv": [2.5, 0, 13.5, 15.5], "texture": "#side"},
				"south": {"uv": [2.5, 0, 13.5, 15.5], "texture": "#side"},
				"up": {"uv": [2.5, 13.5, 13.5, 15.5], "texture": "#top", "cullface": "up"},
				"down": {"uv": [13.5, 15.5, 2.5, 13.5], "texture": "#inside"}
			}
		},
		{
			"from": [0.5, 12.5, 14],
			"to": [15.5, 14.5, 16],
			"rotation": {"angle": -45, "axis": "x", "origin": [0.5, 14.5, 14]},
			"faces": {
				"east": {"uv": [14, 0, 16, 2], "texture": "#side"},
				"south": {"uv": [0, 0, 16, 2], "texture": "#side"},
				"west": {"uv": [14, 0, 16, 2], "texture": "#side"},
				"down": {"uv": [0, 0, 16, 2], "texture": "#side"}
			}
		},
		{
			"from": [0.5, 14, 0.5],
			"to": [2.5, 16, 15.5],
			"rotation": {"angle": -45, "axis": "z", "origin": [0.5, 16, 0.5]},
			"faces": {
				"north": {"uv": [0, 0, 2, 2], "texture": "#side"},
				"south": {"uv": [0, 0, 2, 2], "texture": "#side"},
				"west": {"uv": [0, 0, 16, 2], "texture": "#side"},
				"down": {"uv": [0, 0, 16, 2], "rotation": 90, "texture": "#side"}
			}
		},
		{
			"from": [0.5, 12.5, -1],
			"to": [15.5, 14.5, 1],
			"rotation": {"angle": -45, "axis": "x", "origin": [0.5, 14.5, -1]},
			"faces": {
				"north": {"uv": [0, 0, 16, 2], "texture": "#side"},
				"east": {"uv": [0, 0, 2, 2], "texture": "#side"},
				"south": {"uv": [0, 0, 16, 2], "texture": "#side"},
				"west": {"uv": [0, 0, 2, 2], "texture": "#side"},
				"up": {"uv": [0, 0, 16, 2], "texture": "#side"},
				"down": {"uv": [0, 0, 16, 2], "texture": "#side"}
			}
		},
		{
			"from": [15.4767, 14, 0.5],
			"to": [17.4767, 16, 15.5],
			"rotation": {"angle": -45, "axis": "z", "origin": [15.4767, 16, 0.5]},
			"faces": {
				"north": {"uv": [0, 0, 2, 2], "texture": "#side"},
				"east": {"uv": [0, 0, 16, 2], "texture": "#side"},
				"south": {"uv": [0, 0, 2, 2], "texture": "#side"},
				"up": {"uv": [0, 0, 16, 2], "rotation": 90, "texture": "#side"}
			}
		},
		{
			"from": [5.5, 12.25, -2.25],
			"to": [10.5, 12.75, -1.75],
			"rotation": {"angle": 22.5, "axis": "x", "origin": [5.5, 12.75, -2.25]},
			"faces": {
				"north": {"uv": [5.5, 3.25, 10.5, 3.75], "texture": "#side", "cullface": "north"},
				"east": {"uv": [0, 3.25, 0.5, 3.75], "texture": "#side", "cullface": "north"},
				"south": {"uv": [5.5, 3.25, 10.5, 3.75], "texture": "#side", "cullface": "north"},
				"west": {"uv": [0, 3.25, 0.5, 3.75], "texture": "#side", "cullface": "north"},
				"up": {"uv": [5.5, 0, 10.5, 0.5], "texture": "#side", "cullface": "north"},
				"down": {"uv": [5.5, -2.25, 10.5, -1.75], "texture": "#side", "cullface": "north"}
			}
		},
		{
			"from": [5.5, 12.5, -1.5],
			"to": [6.5, 14.5, -1],
			"rotation": {"angle": 22.5, "axis": "x", "origin": [5.5, 14.5, -1.5]},
			"faces": {
				"north": {"uv": [5.5, 1.5, 6.5, 3.5], "texture": "#side", "cullface": "north"},
				"east": {"uv": [0, 1.5, 0.5, 3.5], "texture": "#side", "cullface": "north"},
				"south": {"uv": [5.5, 1.5, 6.5, 3.5], "texture": "#side", "cullface": "north"},
				"west": {"uv": [0, 1.5, 0.5, 3.5], "texture": "#side", "cullface": "north"},
				"up": {"uv": [5.5, 0, 6.5, 0.5], "texture": "#side", "cullface": "north"},
				"down": {"uv": [5.5, -1.5, 6.5, -1], "texture": "#side", "cullface": "north"}
			}
		},
		{
			"from": [5.5, 12.125, 17.625],
			"to": [10.5, 12.625, 18.125],
			"rotation": {"angle": -22.5, "axis": "x", "origin": [5.5, 12.625, 17.625]},
			"faces": {
				"north": {"uv": [5.5, 3.25, 10.5, 3.75], "texture": "#side", "cullface": "south"},
				"east": {"uv": [0, 3.25, 0.5, 3.75], "texture": "#side", "cullface": "south"},
				"south": {"uv": [5.5, 3.25, 10.5, 3.75], "texture": "#side", "cullface": "south"},
				"west": {"uv": [0, 3.25, 0.5, 3.75], "texture": "#side", "cullface": "south"},
				"up": {"uv": [5.5, 0, 10.5, 0.5], "texture": "#side", "cullface": "south"},
				"down": {"uv": [5.5, -2.25, 10.5, -1.75], "texture": "#side", "cullface": "south"}
			}
		},
		{
			"from": [9.5, 12.5, -1.5],
			"to": [10.5, 14.5, -1],
			"rotation": {"angle": 22.5, "axis": "x", "origin": [9.5, 14.5, -1.5]},
			"faces": {
				"north": {"uv": [9.5, 1.5, 10.5, 3.5], "texture": "#side", "cullface": "north"},
				"east": {"uv": [0, 1.5, 0.5, 3.5], "texture": "#side", "cullface": "north"},
				"south": {"uv": [9.5, 1.5, 10.5, 3.5], "texture": "#side", "cullface": "north"},
				"west": {"uv": [0, 1.5, 0.5, 3.5], "texture": "#side", "cullface": "north"},
				"up": {"uv": [9.5, 0, 10.5, 0.5], "texture": "#side", "cullface": "north"},
				"down": {"uv": [9.5, -1.5, 10.5, -1], "texture": "#side", "cullface": "north"}
			}
		},
		{
			"from": [5.5, 12.4375, 16.875],
			"to": [6.5, 14.4375, 17.375],
			"rotation": {"angle": -22.5, "axis": "x", "origin": [5.5, 14.4375, 16.875]},
			"faces": {
				"north": {"uv": [5.5, 1.5, 6.5, 3.5], "texture": "#side", "cullface": "south"},
				"east": {"uv": [0, 1.5, 0.5, 3.5], "texture": "#side", "cullface": "south"},
				"south": {"uv": [5.5, 1.5, 6.5, 3.5], "texture": "#side", "cullface": "south"},
				"west": {"uv": [0, 1.5, 0.5, 3.5], "texture": "#side", "cullface": "south"},
				"up": {"uv": [5.5, 0, 6.5, 0.5], "texture": "#side", "cullface": "south"},
				"down": {"uv": [5.5, -1.5, 6.5, -1], "texture": "#side", "cullface": "south"}
			}
		},
		{
			"from": [9.5, 12.4375, 17],
			"to": [10.5, 14.4375, 17.5],
			"rotation": {"angle": -22.5, "axis": "x", "origin": [9.5, 14.4375, 17]},
			"faces": {
				"north": {"uv": [5.5, 1.5, 6.5, 3.5], "texture": "#side", "cullface": "south"},
				"east": {"uv": [0, 1.5, 0.5, 3.5], "texture": "#side", "cullface": "south"},
				"south": {"uv": [5.5, 1.5, 6.5, 3.5], "texture": "#side", "cullface": "south"},
				"west": {"uv": [0, 1.5, 0.5, 3.5], "texture": "#side", "cullface": "south"},
				"up": {"uv": [5.5, 0, 6.5, 0.5], "texture": "#side", "cullface": "south"},
				"down": {"uv": [5.5, -1.5, 6.5, -1], "texture": "#side", "cullface": "south"}
			}
		},
		{
			"from": [0, 0, 14],
			"to": [2, 14, 16],
			"faces": {
				"north": {"uv": [0, 2, 2, 16], "texture": "#side"},
				"east": {"uv": [14, 2, 16, 16], "texture": "#side"},
				"south": {"uv": [0, 2, 2, 16], "texture": "#side", "cullface": "south"},
				"west": {"uv": [14, 2, 16, 16], "texture": "#side", "cullface": "west"},
				"up": {"uv": [0, 14, 2, 16], "texture": "#side"},
				"down": {"uv": [0, 14, 2, 16], "texture": "#side", "cullface": "down"}
			}
		},
		{
			"from": [0, 0, 0],
			"to": [2, 14, 2],
			"faces": {
				"north": {"uv": [14, 2, 16, 16], "texture": "#side", "cullface": "north"},
				"east": {"uv": [0, 2, 2, 16], "texture": "#side"},
				"south": {"uv": [14, 2, 16, 16], "texture": "#side"},
				"west": {"uv": [0, 2, 2, 16], "texture": "#side", "cullface": "west"},
				"up": {"uv": [0, 0, 2, 2], "texture": "#side"},
				"down": {"uv": [0, 0, 2, 2], "texture": "#side", "cullface": "down"}
			}
		},
		{
			"from": [14, 0, 0],
			"to": [16, 14, 2],
			"faces": {
				"north": {"uv": [0, 2, 2, 16], "texture": "#side", "cullface": "north"},
				"east": {"uv": [14, 2, 16, 16], "texture": "#side", "cullface": "east"},
				"south": {"uv": [0, 2, 2, 16], "texture": "#side"},
				"west": {"uv": [14, 2, 16, 16], "texture": "#side"},
				"up": {"uv": [14, 0, 16, 2], "texture": "#side"},
				"down": {"uv": [14, 0, 16, 2], "texture": "#side", "cullface": "down"}
			}
		},
		{
			"from": [14, 0, 14],
			"to": [16, 14, 16],
			"faces": {
				"north": {"uv": [14, 2, 16, 16], "texture": "#side"},
				"east": {"uv": [0, 2, 2, 16], "texture": "#side", "cullface": "east"},
				"south": {"uv": [14, 2, 16, 16], "texture": "#side", "cullface": "south"},
				"west": {"uv": [0, 2, 2, 16], "texture": "#side"},
				"up": {"uv": [14, 14, 16, 16], "texture": "#side"},
				"down": {"uv": [14, 14, 16, 16], "texture": "#side", "cullface": "down"}
			}
		}
	]
}