{
	"credit": "Made with Blockbench",
	"parent": "block/block",
	"textures": {
		"3": "block/composter_compost",
		"particle": "block/composter_compost"
	},
	"elements": [
		{
			"from": [0.25, 2.75, 5.5],
			"to": [10.75, 6, 15.25],
			"faces": {
				"north": {"uv": [5.25, 10, 15.75, 13.25], "texture": "#3"},
				"east": {"uv": [0.75, 10, 10.5, 13.25], "texture": "#3"},
				"south": {"uv": [0.25, 10, 10.75, 13.25], "texture": "#3"},
				"west": {"uv": [5.5, 10, 15.25, 13.25], "texture": "#3"},
				"up": {"uv": [0.25, 5.5, 10.75, 15.25], "rotation": 90, "texture": "#3"},
				"down": {"uv": [0.25, 0.75, 10.75, 10.5], "rotation": 270, "texture": "#3", "cullface": "up"}
			}
		},
		{
			"from": [0.25, 0.25, 0.25],
			"to": [15.75, 4.5, 15.75],
			"faces": {
				"north": {"uv": [0.25, 11.5, 15.75, 15.75], "texture": "#3"},
				"east": {"uv": [0.25, 11.5, 15.75, 15.75], "texture": "#3"},
				"south": {"uv": [0.25, 11.5, 15.75, 15.75], "texture": "#3"},
				"west": {"uv": [0.25, 11.5, 15.75, 15.75], "texture": "#3"},
				"up": {"uv": [0.25, 0.25, 15.75, 15.75], "texture": "#3"},
				"down": {"uv": [0.25, 0.25, 15.75, 15.75], "texture": "#3"}
			}
		},
		{
			"from": [7.75, 2.25, 2],
			"to": [13.75, 5.5, 11.75],
			"rotation": {"angle": -22.5, "axis": "y", "origin": [7.5, 3.75, 7.25]},
			"faces": {
				"north": {"uv": [2.25, 10.5, 8.25, 13.75], "texture": "#3"},
				"east": {"uv": [4.25, 10.5, 14, 13.75], "texture": "#3"},
				"south": {"uv": [7.75, 10.5, 13.75, 13.75], "texture": "#3"},
				"west": {"uv": [2, 10.5, 11.75, 13.75], "texture": "#3"},
				"up": {"uv": [7.75, 2, 13.75, 11.75], "texture": "#3"},
				"down": {"uv": [7.75, 4.25, 13.75, 14], "rotation": 270, "texture": "#3", "cullface": "up"}
			}
		},
		{
			"from": [2.75, -0.39645, 2.14645],
			"to": [10.25, 3.10355, 5.89645],
			"rotation": {"angle": 45, "axis": "x", "origin": [7.5, 1.5, 7.25]},
			"faces": {
				"north": {"uv": [5.75, 12.89645, 13.25, 16], "rotation": 180, "texture": "#3"},
				"east": {"uv": [11.35355, 12.89645, 13.85355, 16], "texture": "#3"},
				"south": {"uv": [2.75, 12.89645, 10.25, 16], "rotation": 180, "texture": "#3"},
				"west": {"uv": [2.14645, 12.89645, 5.89645, 16], "texture": "#3"},
				"up": {"uv": [2.75, 2.14645, 10.25, 5.89645], "rotation": 180, "texture": "#3"},
				"down": {"uv": [2.75, 10.10355, 10.25, 13.85355], "rotation": 90, "texture": "#3", "cullface": "up"}
			}
		}
	]
}