{
	"credit": "Made with Blockbench",
	"parent": "block/fence_post",
	"textures": {
		"1": "block/crimson_fence"
	},
	"elements": [
		{
			"name": "crimson_fence_6",
			"from": [7.5, 0.25, 0],
			"to": [8.5, 15.75, 1],
			"rotation": {"angle": 0, "axis": "y", "origin": [0.25, 8.25, 8]},
			"faces": {
				"north": {"uv": [7.5, 0.5, 8.5, 16], "texture": "#1"},
				"east": {"uv": [15, 0.5, 16, 16], "rotation": 180, "texture": "#1"},
				"south": {"uv": [7.5, 0.5, 8.5, 16], "texture": "#1"},
				"west": {"uv": [4.5, 0.5, 5.5, 16], "texture": "#1"},
				"up": {"uv": [7.5, 0, 8.5, 1], "rotation": 270, "texture": "#1"},
				"down": {"uv": [7.5, 15, 8.5, 16], "rotation": 270, "texture": "#1"}
			}
		},
		{
			"name": "crimson_fence_7",
			"from": [7.5, 1, 3],
			"to": [8.5, 16.25, 4],
			"rotation": {"angle": 0, "axis": "y", "origin": [0.25, 8.75, 11]},
			"faces": {
				"north": {"uv": [7.5, 0.5, 8.5, 16], "texture": "#1"},
				"east": {"uv": [12, 0.5, 13, 16], "rotation": 180, "texture": "#1"},
				"south": {"uv": [7.5, 0.5, 8.5, 16], "texture": "#1"},
				"west": {"uv": [3, 0.5, 4, 16], "texture": "#1"},
				"up": {"uv": [7.5, 3, 8.5, 4], "rotation": 270, "texture": "#1"},
				"down": {"uv": [7.5, 12, 8.5, 13], "rotation": 270, "texture": "#1"}
			}
		},
		{
			"name": "crimson_fence_9",
			"from": [7.5, 0.25, 6],
			"to": [8.5, 15, 7],
			"rotation": {"angle": 0, "axis": "y", "origin": [0.25, 7.5, 14]},
			"faces": {
				"north": {"uv": [7.5, 0.5, 8.5, 16], "texture": "#1"},
				"east": {"uv": [9, 0.5, 10, 16], "rotation": 180, "texture": "#1"},
				"south": {"uv": [7.5, 0.5, 8.5, 16], "texture": "#1"},
				"west": {"uv": [6, 0.5, 7, 16], "texture": "#1"},
				"up": {"uv": [7.5, 6, 8.5, 7], "rotation": 270, "texture": "#1"},
				"down": {"uv": [7.5, 9, 8.5, 10], "rotation": 270, "texture": "#1"}
			}
		},
		{
			"name": "crimson_fence_11",
			"from": [7.625, 12.75, 0],
			"to": [8.125, 13.25, 8.25],
			"rotation": {"angle": 0, "axis": "x", "origin": [8.125, 13.25, 6.5]},
			"faces": {
				"north": {"uv": [0, 4.5, 0.5, 5], "rotation": 90, "texture": "#1"},
				"east": {"uv": [0, 3.5, 0.5, 11.5], "rotation": 90, "texture": "#1"},
				"south": {"uv": [0, 10.5, 1, 11.5], "rotation": 180, "texture": "#1"},
				"west": {"uv": [0, 3.5, 0.5, 11.5], "rotation": 90, "texture": "#1"},
				"up": {"uv": [0, 0, 0.5, 8], "texture": "#1"},
				"down": {"uv": [0, 8.5, 0.5, 16], "rotation": 180, "texture": "#1"}
			}
		},
		{
			"name": "crimson_fence_12",
			"from": [7.625, 8.5, 0],
			"to": [8.125, 9, 8.25],
			"rotation": {"angle": 0, "axis": "x", "origin": [8.125, 9, 6.5]},
			"faces": {
				"north": {"uv": [0, 4.5, 0.5, 5], "rotation": 90, "texture": "#1"},
				"east": {"uv": [0, 3.5, 0.5, 11.5], "rotation": 90, "texture": "#1"},
				"south": {"uv": [0, 10.5, 1, 11.5], "rotation": 180, "texture": "#1"},
				"west": {"uv": [0, 3.5, 0.5, 11.5], "rotation": 90, "texture": "#1"},
				"up": {"uv": [0, 0, 0.5, 8], "texture": "#1"},
				"down": {"uv": [0, 8.5, 0.5, 16], "rotation": 180, "texture": "#1"}
			}
		},
		{
			"name": "crimson_fence_9",
			"from": [7.125, 5.25, 0],
			"to": [7.625, 5.75, 8.25],
			"rotation": {"angle": 0, "axis": "x", "origin": [7.625, 5.75, 6.5]},
			"faces": {
				"north": {"uv": [0, 4.5, 0.5, 5], "rotation": 90, "texture": "#1"},
				"east": {"uv": [0, 8, 0.5, 16], "rotation": 90, "texture": "#1"},
				"south": {"uv": [0, 10.5, 1, 11.5], "rotation": 180, "texture": "#1"},
				"west": {"uv": [0.5, 3, 1, 11], "rotation": 90, "texture": "#1"},
				"up": {"uv": [0, 0, 0.5, 8], "texture": "#1"},
				"down": {"uv": [0, 8.5, 0.5, 16], "rotation": 180, "texture": "#1"}
			}
		},
		{
			"name": "crimson_fence_11",
			"from": [7.625, 3, 0.5],
			"to": [8.125, 3.5, 8.25],
			"rotation": {"angle": 0, "axis": "x", "origin": [8.125, 3.5, 6.5]},
			"faces": {
				"north": {"uv": [0, 4.5, 0.5, 5], "rotation": 90, "texture": "#1"},
				"east": {"uv": [0, 3.5, 0.5, 11.5], "rotation": 90, "texture": "#1"},
				"south": {"uv": [0, 10.5, 1, 11.5], "rotation": 180, "texture": "#1"},
				"west": {"uv": [0, 3.5, 0.5, 11.5], "rotation": 90, "texture": "#1"},
				"up": {"uv": [0, 0, 0.5, 8], "texture": "#1"},
				"down": {"uv": [0, 8.5, 0.5, 16], "rotation": 180, "texture": "#1"}
			}
		},
		{
			"name": "crimson_fence_8",
			"from": [6.75, 0, 4.5],
			"to": [7.75, 15.25, 5.5],
			"rotation": {"angle": 0, "axis": "y", "origin": [-0.5, 8, 12.5]},
			"faces": {
				"north": {"uv": [8.25, 0.5, 9.25, 16], "texture": "#1"},
				"east": {"uv": [10.5, 0.5, 11.5, 16], "rotation": 180, "texture": "#1"},
				"south": {"uv": [6.75, 0.5, 7.75, 16], "texture": "#1"},
				"west": {"uv": [4.5, 0.5, 5.5, 16], "texture": "#1"},
				"up": {"uv": [6.5, 4.5, 7.5, 5.5], "rotation": 270, "texture": "#1"},
				"down": {"uv": [6, 10.5, 7, 11.5], "rotation": 270, "texture": "#1"}
			}
		},
		{
			"name": "crimson_fence_10",
			"from": [7.25, -3, 2.25],
			"to": [8.25, 12.5, 3.25],
			"rotation": {"angle": 22.5, "axis": "x", "origin": [0, 5, 10.25]},
			"faces": {
				"north": {"uv": [7.5, 3.5, 8.5, 16], "texture": "#1"},
				"east": {"uv": [12, 1.5, 13, 14], "rotation": 180, "texture": "#1"},
				"south": {"uv": [7, 3.5, 8, 16], "texture": "#1"},
				"west": {"uv": [2.5, 3.5, 3.5, 16], "texture": "#1"},
				"up": {"uv": [7.5, 2.5, 8.5, 3.5], "rotation": 270, "texture": "#1"},
				"down": {"uv": [7.5, 12.5, 8.5, 13.5], "rotation": 270, "texture": "#1"}
			}
		},
		{
			"name": "crimson_fence_7",
			"from": [6.75, -0.5, 1.5],
			"to": [7.75, 14.75, 2.5],
			"rotation": {"angle": 0, "axis": "y", "origin": [-0.5, 7.25, 9.5]},
			"faces": {
				"north": {"uv": [8.25, 0.75, 9.25, 16], "texture": "#1"},
				"east": {"uv": [13.5, 0.75, 14.5, 16], "rotation": 180, "texture": "#1"},
				"south": {"uv": [6.75, 0.75, 7.75, 16], "texture": "#1"},
				"west": {"uv": [1.5, 0.75, 2.5, 16], "texture": "#1"},
				"up": {"uv": [6.5, 4.5, 7.5, 5.5], "rotation": 270, "texture": "#1"},
				"down": {"uv": [6, 10.5, 7, 11.5], "rotation": 270, "texture": "#1"}
			}
		}
	],
	"display": {},
	"groups": [
		{
			"name": "crimson_fence",
			"origin": [8, 8, 8],
			"children": [0, 1, 2,
				{
					"name": "group",
					"origin": [7.625, 5.75, 6.5],
					"children": [3, 4, 5]
				}, 6, 7, 8, 9]
		}
	]
}