{
  "elements": [
    {  "from": [ 0, 0, 0 ],
      "to": [ 16, 16, 16 ],
      "faces": {
        "down": { "texture": "#down", "cullface": "down"},
        "up":  { "texture": "#up", "cullface": "up"},
        "north": { "texture": "#north", "cullface": "north"},
        "south": { "texture": "#south", "cullface": "south"},
        "west": { "texture": "#west", "cullface": "west"},
        "east": { "texture": "#east", "cullface": "east"}
      }
    },
    {  "from": [ 0, 0, 0 ],
      "to": [ 16, 16, 16 ],
      "shade": false,
      "faces": {
        "up": { "uv": [ 0, 0, 16, 16 ], "texture": "#ctm_top_left", "cullface": "west" }
      }
    },
    {  "from": [ 0, 0, 0 ],
      "to": [ 16, 16, 16 ],
      "shade": false,
      "faces": {
        "up": { "uv": [ 0, 0, 16, 16 ], "texture": "#ctm_top_right", "cullface": "east" }
      }
    },
    {  "from": [ 0, 0, 0 ],
      "to": [ 16, 16, 16 ],
      "shade": false,
      "faces": {
        "up": { "uv": [ 0, 0, 16, 16 ], "texture": "#ctm_top_top", "cullface": "north" }
      }
    },
    {  "from": [ 0, 0, 0 ],
      "to": [ 16, 16, 16 ],
      "shade": false,
      "faces": {
        "up": { "uv": [ 0, 0, 16, 16 ], "texture": "#ctm_top_bottom", "cullface": "south" }
      }
    }
  ]
}
