{
	"__comment": "Designed by Monsterfish_ with Cubik Studio - https://cubik.studio",
	"parent": "block/block",
	"textures": {
		"down": "block/down",
		"up": "block/up",
		"north": "block/north",
		"south": "block/south",
		"west": "block/west",
		"east": "block/east"
	},
	"elements": [ 	 
		{
			"from": [ 0, 0, 0 ],
			"to": [ 16, 16, 16 ],
			"faces": {
				"down": { "uv": [ 0, 16, 16, 0 ], "texture": "#down", "cullface": "down" },
				"up": { "uv": [ 0, 0, 16, 16 ], "texture": "#up", "cullface": "up" },
				"north": { "uv": [ 0, 0, 16, 16 ], "texture": "#north", "cullface": "north" },
				"south": { "uv": [ 0, 0, 16, 16 ], "texture": "#south", "cullface": "south" },
				"west": { "uv": [ 0, 0, 16, 16 ], "texture": "#west", "cullface": "west" },
				"east": { "uv": [ 0, 0, 16, 16 ], "texture": "#east", "cullface": "east" }
			}
		}
	]
}