{
	"credit": "Made with Blockbench",
	"parent": "block/block",
	"textures": {
		"particle": "block/candle_with_skull",
		"holder": "block/candle_with_skull",
		"candle": "block/cyan_candle_lit",
		"flame": "block/cyan_candle_flame"
	},
	"elements": [
		{
			"from": [5, 1, 5],
			"to": [11, 6, 11],
			"rotation": {"angle": 22.5, "axis": "x", "origin": [8, 3.5, 8]},
			"faces": {
				"north": {"uv": [0, 0, 6, 5], "texture": "#holder"},
				"east": {"uv": [0, 6.5, 6, 11.5], "texture": "#holder"},
				"south": {"uv": [6, 6.5, 12, 11.5], "texture": "#holder"},
				"west": {"uv": [6, 6.5, 0, 11.5], "texture": "#holder"},
				"up": {"uv": [6, 6, 12, 0], "texture": "#holder"},
				"down": {"uv": [6, 16, 12, 10], "texture": "#holder"}
			}
		},
		{
			"from": [5.5, 1.5, 5.125],
			"to": [10.5, 4.5, 5.126],
			"rotation": {"angle": 22.5, "axis": "x", "origin": [8, 3.5, 8]},
			"faces": {
				"north": {"uv": [6.5, 9.25, 9, 10.75], "texture": "#flame"}
			}
		},
		{
			"from": [5, 1.5, 5.25],
			"to": [11, 4.5, 5.251],
			"rotation": {"angle": 22.5, "axis": "x", "origin": [8, 3.5, 8]},
			"faces": {
				"north": {"uv": [0, 13, 6, 16], "texture": "#holder"}
			}
		},
		{
			"from": [6, 0, 5],
			"to": [10, 1, 7.5],
			"rotation": {"angle": 22.5, "axis": "x", "origin": [8, 3.5, 8]},
			"faces": {
				"north": {"uv": [1, 5, 5, 6], "texture": "#holder"},
				"east": {"uv": [3.5, 11.5, 6, 12.5], "texture": "#holder"},
				"south": {"uv": [7, 10, 11, 11], "texture": "#holder"},
				"west": {"uv": [6, 11.5, 3.5, 12.5], "texture": "#holder"},
				"down": {"uv": [7, 12, 11, 9.5], "texture": "#holder"}
			}
		},
		{
			"from": [6, -0.5, 5],
			"to": [10, 0, 7.5],
			"rotation": {"angle": 22.5, "axis": "x", "origin": [8, 3.5, 8]},
			"faces": {
				"north": {"uv": [1, 6, 5, 6.5], "texture": "#holder"},
				"east": {"uv": [2, 6, 4.5, 6.5], "texture": "#holder"},
				"west": {"uv": [4.5, 6, 2, 6.5], "texture": "#holder"}
			}
		},
		{
			"from": [6.5, 0.4578, 6.1987],
			"to": [9.5, 1.4578, 8.6987],
			"faces": {
				"east": {"uv": [8, 10, 10.5, 11], "texture": "#holder"},
				"south": {"uv": [7.5, 11, 10.5, 12], "texture": "#holder"},
				"west": {"uv": [10.5, 10, 8, 11], "texture": "#holder"},
				"down": {"uv": [7.5, 13.5, 10.5, 16], "texture": "#holder"}
			}
		},
		{
			"from": [7, 5, 7.5],
			"to": [9, 9, 9.5],
			"faces": {
				"north": {"uv": [7.5, 7, 9.5, 11], "texture": "#candle"},
				"east": {"uv": [7.5, 6.5, 9.5, 10.5], "texture": "#candle"},
				"south": {"uv": [7, 6.5, 9, 10.5], "texture": "#candle"},
				"west": {"uv": [7.5, 6, 9.5, 10], "texture": "#candle"},
				"up": {"uv": [7, 6, 9, 8], "texture": "#candle"}
			}
		},
		{
			"from": [8, 9, 7],
			"to": [8.001, 13, 10],
			"faces": {
				"east": {"uv": [6.5, 2, 10, 6], "texture": "#candle"},
				"west": {"uv": [10, 2, 6.5, 6], "texture": "#candle"}
			}
		},
		{
			"from": [6.5, 9, 8.5],
			"to": [9.5, 13, 8.501],
			"faces": {
				"north": {"uv": [6.5, 2, 10, 6], "texture": "#candle"},
				"south": {"uv": [10, 2, 6.5, 6], "texture": "#candle"}
			}
		},
		{
			"from": [12, 0, 6],
			"to": [14, 4, 8],
			"rotation": {"angle": 45, "axis": "y", "origin": [13, 2, 7]},
			"faces": {
				"north": {"uv": [7.5, 7, 9.5, 11], "texture": "#candle"},
				"east": {"uv": [7.5, 6.5, 9.5, 10.5], "texture": "#candle"},
				"south": {"uv": [7, 6.5, 9, 10.5], "texture": "#candle"},
				"west": {"uv": [7.5, 6, 9.5, 10], "texture": "#candle"},
				"up": {"uv": [7, 6, 9, 8], "texture": "#candle"},
				"down": {"uv": [7.5, 11.5, 9.5, 13.5], "texture": "#candle"}
			}
		},
		{
			"from": [13, 4, 5.5],
			"to": [13.001, 8, 8.5],
			"rotation": {"angle": 45, "axis": "y", "origin": [13, 6, 7]},
			"faces": {
				"east": {"uv": [6.5, 2, 10, 6], "texture": "#candle"},
				"west": {"uv": [10, 2, 6.5, 6], "texture": "#candle"}
			}
		},
		{
			"from": [11.5, 4, 7],
			"to": [14.5, 8, 7.001],
			"rotation": {"angle": 45, "axis": "y", "origin": [13, 6, 7]},
			"faces": {
				"north": {"uv": [6.5, 2, 10, 6], "texture": "#candle"},
				"south": {"uv": [10, 2, 6.5, 6], "texture": "#candle"}
			}
		},
		{
			"from": [3.5, 0, 4],
			"to": [5.5, 2.5, 6],
			"rotation": {"angle": 22.5, "axis": "z", "origin": [4.5, 1.25, 5]},
			"faces": {
				"north": {"uv": [7, 6, 9, 8.5], "texture": "#candle"},
				"east": {"uv": [7.5, 7, 9.5, 9.5], "texture": "#candle"},
				"south": {"uv": [7.5, 6, 9.5, 8.5], "texture": "#candle"},
				"west": {"uv": [7, 7, 9, 9.5], "texture": "#candle"},
				"up": {"uv": [7, 6, 9, 8], "texture": "#candle"},
				"down": {"uv": [7.5, 11.5, 9.5, 13.5], "texture": "#candle"}
			}
		},
		{
			"from": [4, 2, 3.5],
			"to": [4.001, 6, 6.5],
			"rotation": {"angle": 45, "axis": "y", "origin": [4, 4, 5]},
			"faces": {
				"east": {"uv": [6.5, 2, 10, 6], "texture": "#candle"},
				"west": {"uv": [10, 2, 6.5, 6], "texture": "#candle"}
			}
		},
		{
			"from": [2.5, 2, 5],
			"to": [5.5, 6, 5.001],
			"rotation": {"angle": 45, "axis": "y", "origin": [4, 4, 5]},
			"faces": {
				"north": {"uv": [6.5, 2, 10, 6], "texture": "#candle"},
				"south": {"uv": [10, 2, 6.5, 6], "texture": "#candle"}
			}
		},
		{
			"from": [10, 0, 2],
			"to": [12, 1, 4],
			"rotation": {"angle": 22.5, "axis": "y", "origin": [11, 0.5, 3]},
			"faces": {
				"north": {"uv": [7, 6, 9, 7], "texture": "#candle"},
				"east": {"uv": [7.5, 7, 9.5, 8], "texture": "#candle"},
				"south": {"uv": [7.5, 8.5, 9.5, 9.5], "texture": "#candle"},
				"west": {"uv": [7.5, 6, 9.5, 7], "texture": "#candle"},
				"up": {"uv": [7, 6, 9, 8], "texture": "#candle"},
				"down": {"uv": [7.5, 11.5, 9.5, 13.5], "texture": "#candle"}
			}
		},
		{
			"from": [9.5, 0.75, 3],
			"to": [12.5, 4.75, 3.001],
			"rotation": {"angle": -22.5, "axis": "y", "origin": [11, 2.75, 3]},
			"faces": {
				"north": {"uv": [6.5, 2, 10, 6], "texture": "#candle"},
				"south": {"uv": [10, 2, 6.5, 6], "texture": "#candle"}
			}
		},
		{
			"from": [11, 0.75, 1.5],
			"to": [11.001, 4.75, 4.5],
			"rotation": {"angle": -22.5, "axis": "y", "origin": [11, 2.75, 3]},
			"faces": {
				"east": {"uv": [10, 2, 6.5, 6], "texture": "#candle"},
				"west": {"uv": [6.5, 2, 10, 6], "texture": "#candle"}
			}
		}
	],
	"display": {
		"thirdperson_righthand": {
			"rotation": [75, 45, 0],
			"translation": [0, 1.5, 3],
			"scale": [0.575, 0.575, 0.575]
		},
		"thirdperson_lefthand": {
			"rotation": [75, 45, 0],
			"translation": [0, 1.5, 3],
			"scale": [0.575, 0.575, 0.575]
		},
		"firstperson_righthand": {
			"rotation": [0, 120, 0],
			"translation": [0, 5, 0],
			"scale": [0.6, 0.6, 0.6]
		},
		"firstperson_lefthand": {
			"rotation": [0, 120, 0],
			"translation": [0, 5, 0],
			"scale": [0.6, 0.6, 0.6]
		},
		"gui": {
			"rotation": [30, 225, 0],
			"translation": [-1, 2, 0],
			"scale": [0.725, 0.725, 0.725]
		}
	}
}