{
	"textures": {
		"particle": "block/candle_with_skull",
		"holder": "block/candle_with_skull",
		"candle": "block/cyan_candle_lit",
		"flame": "block/cyan_candle_flame"
	},
	"elements": [ 	 
		{
			"from": [ 5, 1, 5 ],
			"to": [ 11, 6, 11 ],
			"rotation": { "origin": [ 8, 3.5, 8 ], "axis": "x", "angle": 22.5 },
			"faces": {
				"down": { "uv": [ 6, 16, 12, 10 ], "texture": "#holder" },
				"up": { "uv": [ 6, 6, 12, 0 ], "texture": "#holder" },
				"north": { "uv": [ 0, 0, 6, 5 ], "texture": "#holder" },
				"south": { "uv": [ 6, 6.5, 12, 11.5 ], "texture": "#holder" },
				"west": { "uv": [ 6, 6.5, 0, 11.5 ], "texture": "#holder" },
				"east": { "uv": [ 0, 6.5, 6, 11.5 ], "texture": "#holder" }
			}
		},
		{
			"from": [ 5.5, 1.5, 5.125 ],
			"to": [ 10.5, 4.5, 5.126 ],
			"rotation": { "origin": [ 8, 3.5, 8 ], "axis": "x", "angle": 22.5 },
			"faces": {
				"north": { "uv": [ 6.5, 9.25, 9, 10.75 ], "texture": "#flame" }
			}
		},
		{
			"from": [ 5, 1.5, 5.25 ],
			"to": [ 11, 4.5, 5.251 ],
			"rotation": { "origin": [ 8, 3.5, 8 ], "axis": "x", "angle": 22.5 },
			"faces": {
				"north": { "uv": [ 0, 13, 6, 16 ], "texture": "#holder" }
			}
		},
		{
			"from": [ 6, 0, 5 ],
			"to": [ 10, 1, 7.5 ],
			"rotation": { "origin": [ 8, 3.5, 8 ], "axis": "x", "angle": 22.5 },
			"faces": {
				"down": { "uv": [ 7, 12, 11, 9.5 ], "texture": "#holder" },
				"north": { "uv": [ 1, 5, 5, 6 ], "texture": "#holder" },
				"south": { "uv": [ 7, 10, 11, 11 ], "texture": "#holder" },
				"west": { "uv": [ 6, 11.5, 3.5, 12.5 ], "texture": "#holder" },
				"east": { "uv": [ 3.5, 11.5, 6, 12.5 ], "texture": "#holder" }
			}
		},
		{
			"from": [ 6, -0.5, 5 ],
			"to": [ 10, 0, 7.5 ],
			"rotation": { "origin": [ 8, 3.5, 8 ], "axis": "x", "angle": 22.5 },
			"faces": {
				"north": { "uv": [ 1, 6, 5, 6.5 ], "texture": "#holder" },
				"west": { "uv": [ 4.5, 6, 2, 6.5 ], "texture": "#holder" },
				"east": { "uv": [ 2, 6, 4.5, 6.5 ], "texture": "#holder" }
			}
		},
		{
			"from": [ 6.5, 0.4578, 6.1987 ],
			"to": [ 9.5, 1.4578, 8.6987 ],
			"faces": {
				"down": { "uv": [ 7.5, 13.5, 10.5, 16 ], "texture": "#holder" },
				"south": { "uv": [ 7.5, 11, 10.5, 12 ], "texture": "#holder" },
				"west": { "uv": [ 10.5, 10, 8, 11 ], "texture": "#holder" },
				"east": { "uv": [ 8, 10, 10.5, 11 ], "texture": "#holder" }
			}
		},
		{
			"from": [ 7, 5, 7.5 ],
			"to": [ 9, 9, 9.5 ],
			"faces": {
				"up": { "uv": [ 7, 6, 9, 8 ], "texture": "#candle" },
				"north": { "uv": [ 7.5, 7, 9.5, 11 ], "texture": "#candle" },
				"south": { "uv": [ 7, 6.5, 9, 10.5 ], "texture": "#candle" },
				"west": { "uv": [ 7.5, 6, 9.5, 10 ], "texture": "#candle" },
				"east": { "uv": [ 7.5, 6.5, 9.5, 10.5 ], "texture": "#candle" }
			}
		},
		{
			"from": [ 8, 9, 7 ],
			"to": [ 8.001, 13, 10 ],
			"faces": {
				"west": { "uv": [ 10, 2, 6.5, 6 ], "texture": "#candle" },
				"east": { "uv": [ 6.5, 2, 10, 6 ], "texture": "#candle" }
			}
		},
		{
			"from": [ 6.5, 9, 8.5 ],
			"to": [ 9.5, 13, 8.501 ],
			"faces": {
				"north": { "uv": [ 6.5, 2, 10, 6 ], "texture": "#candle" },
				"south": { "uv": [ 10, 2, 6.5, 6 ], "texture": "#candle" }
			}
		},
		{
			"from": [ 11.5, 0, 4 ],
			"to": [ 13.5, 4, 6 ],
			"rotation": { "origin": [ 12.5, 2, 5 ], "axis": "y", "angle": 22.5 },
			"faces": {
				"down": { "uv": [ 7.5, 11.5, 9.5, 13.5 ], "texture": "#candle" },
				"up": { "uv": [ 7, 6, 9, 8 ], "texture": "#candle" },
				"north": { "uv": [ 7.5, 7, 9.5, 11 ], "texture": "#candle" },
				"south": { "uv": [ 7, 6.5, 9, 10.5 ], "texture": "#candle" },
				"west": { "uv": [ 7.5, 6, 9.5, 10 ], "texture": "#candle" },
				"east": { "uv": [ 7.5, 6.5, 9.5, 10.5 ], "texture": "#candle" }
			}
		},
		{
			"from": [ 12.5, 4, 3.5 ],
			"to": [ 12.501, 8, 6.5 ],
			"rotation": { "origin": [ 12.5, 6, 5 ], "axis": "y", "angle": 22.5 },
			"faces": {
				"west": { "uv": [ 10, 2, 6.5, 6 ], "texture": "#candle" },
				"east": { "uv": [ 6.5, 2, 10, 6 ], "texture": "#candle" }
			}
		},
		{
			"from": [ 11, 4, 5 ],
			"to": [ 14, 8, 5.001 ],
			"rotation": { "origin": [ 12.5, 6, 5 ], "axis": "y", "angle": 22.5 },
			"faces": {
				"north": { "uv": [ 6.5, 2, 10, 6 ], "texture": "#candle" },
				"south": { "uv": [ 10, 2, 6.5, 6 ], "texture": "#candle" }
			}
		}
	]
}