{
	"__comment": "Designed by Monsterfish_ with Cubik Studio - https://cubik.studio",
	"textures": {
		"particle": "block/cyan_concrete",
		"texture": "block/cyan_concrete",
		"texture2": "block/cyan_concrete_top"
	},
	"elements": [
		{
			"__comment": "Cube1",
			"from": [ 0, 0, 0 ],
			"to": [ 16, 16, 16 ],
			"faces": {
				"down": { "uv": [ 0, 16, 16, 0 ], "texture": "#texture2" },
				"up": { "uv": [ 0, 0, 16, 16 ], "texture": "#texture2" },
				"north": { "uv": [ 0, 0, 16, 16 ], "texture": "#texture" },
				"south": { "uv": [ 0, 0, 16, 16 ], "texture": "#texture" },
				"west": { "uv": [ 0, 0, 16, 16 ], "texture": "#texture" },
				"east": { "uv": [ 0, 0, 16, 16 ], "texture": "#texture" }
			}
		}
	],
	"display": {
		"thirdperson_righthand": {
			"rotation": [ 75, 45, 0 ],
			"translation": [ 0, 2.5, 0 ],
			"scale": [ 0.375, 0.375, 0.375 ]
		},
		"thirdperson_lefthand": {
			"rotation": [ 75, 45, 0 ],
			"translation": [ 0, 2.5, 0 ],
			"scale": [ 0.375, 0.375, 0.375 ]
		},
		"firstperson_righthand": {
			"rotation": [ 0, 45, 0 ],
			"scale": [ 0.4, 0.4, 0.4 ]
		},
		"firstperson_lefthand": {
			"rotation": [ 0, 45, 0 ],
			"scale": [ 0.4, 0.4, 0.4 ]
		},
		"gui": {
			"rotation": [ 30, 225, 0 ],
			"scale": [ 0.625, 0.625, 0.625 ]
		},
		"ground": {
			"translation": [ 0, 3, 0 ],
			"scale": [ 0.25, 0.25, 0.25 ]
		},
		"fixed": {
			"scale": [ 0.5, 0.5, 0.5 ]
		}
	}
}