{

      "parent": "block/fence_side",

"textures": {
  "particle": "block/dark_oak_planks",
  "texture": "block/dark_oak_planks"
},
"elements": [ 
{
  "__comment": "top bar",
  "from": [ 6.75, 13, 0 ],
  "to": [ 9.25, 15, 8 ],
  "faces": {
    "down": { "uv": [ 0.001, 0.501, 2.499, 8.499 ], "texture": "#texture" },
    "up":  { "uv": [ 0.0010000000474974513, 0.50099998712539673, 2.499000072479248, 8.4989995956420898 ], "texture": "#texture"},
    "north": { "uv": [ 0.0010000000474974513, 0.50099998712539673, 2.499000072479248, 2.499000072479248 ], "texture": "#texture" },
    "west": { "uv": [ 0.50099998712539673, 14.00100040435791, 8.4989995956420898, 15.99899959564209 ], "rotation": 270, "texture": "#texture" },
    "east": { "uv": [ 0.50099998712539673, 14.00100040435791, 8.4989995956420898, 15.99899959564209 ], "texture": "#texture" }
  }
},
{
  "__comment": "top bar*",
  "from": [ 6.8125, 0, 0 ],
  "to": [ 9.3125, 2, 8 ],
  "faces": {
    "down": { "uv": [ 9.1865, 7.999, 6.6885, 0.001 ], "texture": "#texture", "cullface": "down" },
    "up":  { "uv": [ 6.813499927520752, 0.0010000000474974513, 9.3114995956420898, 7.999000072479248 ], "texture": "#texture" },
    "north": { "uv": [ 6.688499927520752, 14.00100040435791, 9.1864995956420898, 15.99899959564209 ], "texture": "#texture"},
    "west": { "uv": [ 0.0010000000474974513, 14.00100040435791, 7.999000072479248, 15.99899959564209 ], "rotation": 90, "texture": "#texture" },
    "east": { "uv": [ 8.0010004043579102, 14.00100040435791, 15.99899959564209, 15.99899959564209 ], "texture": "#texture" }
  }
},
{
  "__comment": "lower bar*",
  "from": [ 7.125, 6, -0.5 ],
  "to": [ 8.9375, 8, 8.5 ],
  "rotation": { "origin": [ 7.125, 8, -0.5 ], "axis": "x", "angle": -45 },
  "faces": {
    "down": { "uv": [ 0.5, 0.5, 2.3125, 9.5 ], "texture": "#texture"},
    "up":  { "uv": [ 0.5, 0.5, 2.3125, 9.5 ], "texture": "#texture"},
    "north": { "uv": [ 7.125, 8, 8.9375, 10 ], "texture": "#texture"},
    "west": { "uv": [ 0, 8, 9, 10 ], "texture": "#texture" },
    "east": { "uv": [ 0, 8, 9, 10 ], "texture": "#texture"}
  }
},
{
  "__comment": "lower bar*",
  "from": [ 7.1875, 6.5, 1 ],
  "to": [ 8.875, 8.5, 10.5 ],
  "rotation": { "origin": [ 7.1875, 8.5, 1 ], "axis": "x", "angle": 45 },
  "faces": {
    "down": { "uv": [ 0.5, 0.5, 2.1875, 10 ], "texture": "#texture"},
    "up":  { "uv": [ 0.5, 0.5, 2.1875, 10 ], "texture": "#texture"},
    "north": { "uv": [ 7.1875, 7.5, 8.875, 9.5 ], "texture": "#texture"},
    "west": { "uv": [ 1, 7.5, 10.5, 9.5 ], "texture": "#texture"},
    "east": { "uv": [ 1, 7.5, 10.5, 9.5 ], "texture": "#texture"}
  }
}
]
}