{
	"credit": "Made with Blockbench",
	"parent": "block/block",
	"textures": {
		"particle": "block/dark_oak_planks",
		"texture": "block/dark_oak_planks"
	},
	"elements": [
		{
			"name": "Left-hand post",
			"from": [0, 0, 6.75],
			"to": [1, 16, 9.25],
			"faces": {
				"north": {"uv": [7.5, 0, 8.5, 16], "texture": "#texture"},
				"east": {"uv": [4, 0, 6.5, 16], "texture": "#texture"},
				"south": {"uv": [7, 0, 8, 16], "texture": "#texture"},
				"west": {"uv": [4.5, 0, 7, 16], "texture": "#texture"},
				"up": {"uv": [7, 6.5, 8, 9], "texture": "#texture"},
				"down": {"uv": [8.5, 8.5, 7.5, 6], "texture": "#texture"}
			}
		},
		{
			"name": "Right-hand post",
			"from": [14, 0, 6.75],
			"to": [16, 16, 9.25],
			"faces": {
				"north": {"uv": [2.5, 0, 4.5, 16], "texture": "#texture"},
				"east": {"uv": [2, 0, 4.5, 16], "texture": "#texture"},
				"south": {"uv": [3, 0, 5, 16], "texture": "#texture"},
				"west": {"uv": [1.5, 0, 4, 16], "texture": "#texture"},
				"up": {"uv": [14, 6.75, 16, 9.25], "texture": "#texture"},
				"down": {"uv": [14, 6.75, 16, 9.25], "texture": "#texture"}
			}
		},
		{
			"name": "lower bar*",
			"from": [2.18198, 1.40381, 7],
			"to": [18.18198, 3.40381, 9],
			"rotation": {"angle": -45, "axis": "z", "origin": [15, 8, 8.25]},
			"faces": {
				"north": {"uv": [1, 0, 3, 16], "rotation": 90, "texture": "#texture"},
				"east": {"uv": [14, 13.5, 16, 15.5], "texture": "#texture"},
				"south": {"uv": [2.5, 0, 4.5, 16], "rotation": 90, "texture": "#texture"},
				"west": {"uv": [14, 13.5, 16, 15.5], "texture": "#texture"},
				"up": {"uv": [0, 0, 2, 16], "rotation": 90, "texture": "#texture"},
				"down": {"uv": [0, 2, 16, 4], "texture": "#texture"}
			}
		},
		{
			"name": "Left-hand post*",
			"from": [0.4375, 15, 7.5625],
			"to": [2.4375, 16.5, 8.5625],
			"rotation": {"angle": 0, "axis": "y", "origin": [15, 8, 8.25]},
			"faces": {
				"north": {"uv": [0, 0, 1.5, 2.5], "texture": "#texture"},
				"east": {"uv": [0, 0, 1.5, 2], "texture": "#texture"},
				"south": {"uv": [0, 0, 1.5, 2.5], "texture": "#texture"},
				"west": {"uv": [0, 0, 1.5, 2], "texture": "#texture"},
				"up": {"uv": [0, 0, 1.5, 2.5], "rotation": 90, "texture": "#texture"},
				"down": {"uv": [0, 0, 1.5, 2.5], "rotation": 270, "texture": "#texture"}
			}
		},
		{
			"name": "Element",
			"from": [2, 13, 6.75],
			"to": [14, 15, 9.25],
			"rotation": {"angle": 0, "axis": "y", "origin": [15, 8, 8.25]},
			"faces": {
				"north": {"uv": [4, 3.5, 6, 15.5], "rotation": 90, "texture": "#texture"},
				"east": {"uv": [0, 1, 2.25, 3], "texture": "#texture"},
				"south": {"uv": [2.5, 4, 4.5, 16], "rotation": 90, "texture": "#texture"},
				"west": {"uv": [13.75, 1, 16, 3], "texture": "#texture"},
				"up": {"uv": [4, 4, 6.5, 16], "rotation": 90, "texture": "#texture"},
				"down": {"uv": [7, 4.25, 0, 2], "texture": "#texture"}
			}
		},
		{
			"name": "Element",
			"from": [2.0625, 1, 6.6875],
			"to": [14.0625, 3, 9.1875],
			"rotation": {"angle": 0, "axis": "y", "origin": [15, 8, 8.25]},
			"faces": {
				"north": {"uv": [4, 4, 6, 16], "rotation": 90, "texture": "#texture"},
				"east": {"uv": [0, 13, 2.3125, 15], "texture": "#texture"},
				"south": {"uv": [2.5, 4, 4.5, 16], "rotation": 90, "texture": "#texture"},
				"west": {"uv": [13.6875, 13, 16, 15], "texture": "#texture"},
				"up": {"uv": [4, 4, 6.5, 16], "rotation": 90, "texture": "#texture"},
				"down": {"uv": [7.0625, 4.3125, 0, 2], "texture": "#texture"}
			}
		},
		{
			"name": "lower bar*",
			"from": [1.88911, 11.59619, 7.0625],
			"to": [17.8891, 13.59619, 8.8125],
			"rotation": {"angle": 45, "axis": "z", "origin": [15, 8, 8.25]},
			"faces": {
				"north": {"uv": [1, 0.00001, 3, 16], "rotation": 90, "texture": "#texture"},
				"east": {"uv": [14, 2, 16, 4], "texture": "#texture"},
				"south": {"uv": [2.5, 0.00001, 4.5, 16], "rotation": 90, "texture": "#texture"},
				"west": {"uv": [14, 2, 16, 4], "texture": "#texture"},
				"up": {"uv": [0.00001, 0.00001, 1.75001, 16], "rotation": 90, "texture": "#texture"},
				"down": {"uv": [0, 2, 16, 4], "texture": "#texture"}
			}
		},
		{
			"name": "Left-hand post*",
			"from": [1, 0, 6.75],
			"to": [2, 16, 9.25],
			"rotation": {"angle": 0, "axis": "y", "origin": [15, 8, 8.25]},
			"faces": {
				"north": {"uv": [0, 0, 1, 16], "texture": "#texture"},
				"east": {"uv": [13.5, 0, 16, 16], "texture": "#texture"},
				"south": {"uv": [0, 0, 1, 16], "texture": "#texture"},
				"west": {"uv": [13.5, 0, 16, 16], "texture": "#texture"},
				"up": {"uv": [0, 0, 1.5, 2.5], "rotation": 90, "texture": "#texture"},
				"down": {"uv": [0, 0, 1.5, 2.5], "rotation": 270, "texture": "#texture"}
			}
		}
	],
	"display": {
		"thirdperson_righthand": {
			"rotation": [75, 45, 0],
			"translation": [0, 2.5, 0],
			"scale": [0.375, 0.375, 0.375]
		},
		"thirdperson_lefthand": {
			"rotation": [75, 45, 0],
			"translation": [0, 2.5, 0],
			"scale": [0.375, 0.375, 0.375]
		},
		"firstperson_righthand": {
			"rotation": [0, 45, 0],
			"scale": [0.4, 0.4, 0.4]
		},
		"firstperson_lefthand": {
			"rotation": [0, 225, 0],
			"scale": [0.4, 0.4, 0.4]
		},
		"ground": {
			"translation": [0, 3, 0],
			"scale": [0.25, 0.25, 0.25]
		},
		"gui": {
			"rotation": [30, 225, 0],
			"scale": [0.625, 0.625, 0.625]
		},
		"fixed": {
			"scale": [0.5, 0.5, 0.5]
		}
	}
}