{
	"credit": "Made with Blockbench",
	"ambientocclusion": false,
	"textures": {
		"bottom": "block/dark_oak_door_lower",
		"particle": "block/dark_oak_door_upper",
		"top": "block/dark_oak_door_upper",
		"extra": "block/door_dark_oak_extra"
	},
	"elements": [
		{
			"from": [0, 0, 0],
			"to": [2.5, 16, 16],
			"faces": {
				"north": {"uv": [2.5, 0, 0, 16], "texture": "#top", "cullface": "north"},
				"east": {"uv": [0, 0, 16, 16], "texture": "#top"},
				"south": {"uv": [0, 0, 2.5, 16], "texture": "#top", "cullface": "south"},
				"west": {"uv": [16, 0, 0, 16], "texture": "#top", "cullface": "west"},
				"up": {"uv": [0, 0, 2.5, 16], "texture": "#bottom", "cullface": "up"},
				"down": {"uv": [0, 16, 2.5, 0], "texture": "#bottom", "cullface": "down"}
			}
		},
		{
			"name": "Extra",
			"from": [-0.03588, 16, 7.511],
			"to": [2.46413, 23, 9.011],
			"rotation": {"angle": 0, "axis": "y", "origin": [7.95313, 8, 8]},
			"faces": {
				"east": {"uv": [7, 9, 8.5, 16], "texture": "#extra"},
				"south": {"uv": [0, 9, 2.5, 16], "texture": "#top"},
				"west": {"uv": [8.5, 9, 7, 16], "texture": "#extra"},
				"up": {"uv": [0, 7, 2.5, 8.5], "texture": "#top"}
			}
		},
		{
			"name": "Extra",
			"from": [-0.03588, 16, 9.011],
			"to": [2.46413, 22.5, 10.011],
			"rotation": {"angle": 0, "axis": "y", "origin": [7.95313, 8, 8]},
			"faces": {
				"east": {"uv": [6, 9.5, 7, 16], "texture": "#extra"},
				"south": {"uv": [0, 9.5, 2.5, 16], "texture": "#top"},
				"west": {"uv": [7, 9.5, 6, 16], "texture": "#extra"},
				"up": {"uv": [0, 6, 2.5, 7], "texture": "#top"}
			}
		},
		{
			"name": "Extra",
			"from": [-0.03588, 16, 10.011],
			"to": [2.46413, 22, 11.011],
			"rotation": {"angle": 0, "axis": "y", "origin": [7.95313, 8, 8]},
			"faces": {
				"east": {"uv": [5, 10, 6, 16], "texture": "#extra"},
				"south": {"uv": [0, 10, 2.5, 16], "texture": "#top"},
				"west": {"uv": [6, 10, 5, 16], "texture": "#extra"},
				"up": {"uv": [0, 5, 2.5, 6], "texture": "#top"}
			}
		},
		{
			"name": "Extra",
			"from": [-0.03588, 16, 11.011],
			"to": [2.46413, 21.5, 12.011],
			"rotation": {"angle": 0, "axis": "y", "origin": [7.95313, 8, 8]},
			"faces": {
				"east": {"uv": [4, 10.5, 5, 16], "texture": "#extra"},
				"south": {"uv": [0, 10.5, 2.5, 16], "texture": "#top"},
				"west": {"uv": [5, 10.5, 4, 16], "texture": "#extra"},
				"up": {"uv": [0, 4, 2.5, 5], "texture": "#top"}
			}
		},
		{
			"name": "Extra",
			"from": [-0.03588, 16, 12.011],
			"to": [2.46413, 21, 13.011],
			"rotation": {"angle": 0, "axis": "y", "origin": [7.95313, 8, 8]},
			"faces": {
				"east": {"uv": [3, 11, 4, 16], "texture": "#extra"},
				"south": {"uv": [0, 11, 2.5, 16], "texture": "#top"},
				"west": {"uv": [4, 11, 3, 16], "texture": "#extra"},
				"up": {"uv": [0, 3, 2.5, 4], "texture": "#top"}
			}
		},
		{
			"name": "Extra",
			"from": [-0.03588, 16, 13.011],
			"to": [2.46413, 20.5, 13.511],
			"rotation": {"angle": 0, "axis": "y", "origin": [7.95313, 8, 8]},
			"faces": {
				"east": {"uv": [3, 11.5, 2.5, 16], "texture": "#extra"},
				"south": {"uv": [0, 11.5, 2.5, 16], "texture": "#top"},
				"west": {"uv": [2.5, 11.5, 3, 16], "texture": "#extra"},
				"up": {"uv": [0, 2.5, 2.5, 3], "texture": "#top"}
			}
		},
		{
			"name": "Extra",
			"from": [-0.03588, 16, 13.511],
			"to": [2.46413, 20, 14.011],
			"rotation": {"angle": 0, "axis": "y", "origin": [7.95313, 8, 8]},
			"faces": {
				"east": {"uv": [2.5, 12, 2, 16], "texture": "#extra"},
				"south": {"uv": [0, 12, 2.5, 16], "texture": "#top"},
				"west": {"uv": [2, 12, 2.5, 16], "texture": "#extra"},
				"up": {"uv": [0, 2, 2.5, 2.5], "texture": "#top"}
			}
		},
		{
			"name": "Extra",
			"from": [-0.03588, 16, 14.011],
			"to": [2.46413, 19.5, 14.511],
			"rotation": {"angle": 0, "axis": "y", "origin": [7.95313, 8, 8]},
			"faces": {
				"east": {"uv": [2, 12.5, 1.5, 16], "texture": "#extra"},
				"south": {"uv": [0, 12.5, 2.5, 16], "texture": "#top"},
				"west": {"uv": [1.5, 12.5, 2, 16], "texture": "#extra"},
				"up": {"uv": [0, 1.5, 2.5, 2], "texture": "#top"}
			}
		},
		{
			"name": "Extra",
			"from": [-0.03588, 16, 14.511],
			"to": [2.46413, 19, 15.011],
			"rotation": {"angle": 0, "axis": "y", "origin": [7.95313, 8, 8]},
			"faces": {
				"east": {"uv": [1.5, 13, 1, 16], "texture": "#extra"},
				"south": {"uv": [0, 13, 2.5, 16], "texture": "#top"},
				"west": {"uv": [1, 13, 1.5, 16], "texture": "#extra"},
				"up": {"uv": [0, 1, 2.5, 1.5], "texture": "#top"}
			}
		},
		{
			"name": "Extra",
			"from": [-0.03588, 16, 15.011],
			"to": [2.46413, 18, 15.511],
			"rotation": {"angle": 0, "axis": "y", "origin": [7.95313, 8, 8]},
			"faces": {
				"east": {"uv": [1, 14, 0.5, 16], "texture": "#extra"},
				"south": {"uv": [0, 14, 2.5, 16], "texture": "#top"},
				"west": {"uv": [0.5, 14, 1, 16], "texture": "#extra"},
				"up": {"uv": [0, 0.5, 2.5, 1], "texture": "#top"}
			}
		},
		{
			"name": "Extra",
			"from": [-0.03588, 16, 15.511],
			"to": [2.46413, 17.5, 16.00463],
			"rotation": {"angle": 0, "axis": "y", "origin": [7.95313, 8, 8]},
			"faces": {
				"east": {"uv": [0.5, 14.5, 0, 16], "texture": "#extra"},
				"south": {"uv": [0, 14.5, 2.5, 16], "texture": "#top"},
				"west": {"uv": [0, 14.5, 0.5, 16], "texture": "#extra"},
				"up": {"uv": [0, 0, 2.5, 0.5], "texture": "#top"}
			}
		},
		{
			"name": "Extra",
			"from": [-0.03588, 16, -0.03587],
			"to": [2.46413, 24, 4.511],
			"rotation": {"angle": 0, "axis": "y", "origin": [7.95313, 8, 8]},
			"faces": {
				"north": {"uv": [2.5, 8, 0, 16], "texture": "#top"},
				"east": {"uv": [11.5, 8, 16, 16], "texture": "#extra"},
				"south": {"uv": [0, 8, 2.5, 16], "texture": "#top"},
				"west": {"uv": [16, 8, 11.5, 16], "texture": "#extra"},
				"up": {"uv": [0, 11.5, 2.5, 16], "texture": "#top"}
			}
		},
		{
			"name": "Extra",
			"from": [-0.03588, 16, 4.511],
			"to": [2.46413, 23.5, 7.511],
			"rotation": {"angle": 0, "axis": "y", "origin": [7.95313, 8, 8]},
			"faces": {
				"east": {"uv": [8.5, 8.5, 11.5, 16], "texture": "#extra"},
				"south": {"uv": [0, 8.5, 2.5, 16], "texture": "#top"},
				"west": {"uv": [11.5, 8.5, 8.5, 16], "texture": "#extra"},
				"up": {"uv": [0, 8.5, 2.5, 11.5], "texture": "#top"}
			}
		}
	]
}