{
"textures": {
  "particle": "#texture"
},
"elements": [ 
{
  "__comment": "top bar",
  "from": [ 7, 12, 0 ],
  "to": [ 9, 15, 6 ],
  "faces": {
    "down": { "uv": [ 7, 0, 9, 6 ], "texture": "#texture" },
    "up":  { "uv": [ 7, 0, 9, 6 ], "texture": "#texture" },
    "north": { "uv": [ 7, 1, 9, 4 ], "texture": "#texture", "cullface": "north" },
    "west": { "uv": [ 0, 1, 6, 4 ], "texture": "#texture" },
    "east": { "uv": [ 0, 1, 6, 4 ], "texture": "#texture" }
  }
},
{
  "__comment": "lower bar",
  "from": [ 7, 5.5, 0 ],
  "to": [ 9, 9, 6 ],
  "faces": {
    "down": { "uv": [ 7, 0, 9, 6 ], "texture": "#texture" },
    "up":  { "uv": [ 7, 0, 9, 6 ], "texture": "#texture" },
    "north": { "uv": [ 7, 7, 9, 10.5 ], "texture": "#texture", "cullface": "north" },
    "west": { "uv": [ 0, 7, 6, 10.5 ], "texture": "#texture" },
    "east": { "uv": [ 0, 7, 6, 10.5 ], "texture": "#texture" }
  }
}
]
}