{
	"credit": "Made with Blockbench",
	"ambientocclusion": false,
	"textures": {
		"0": "block/glow_item_frame",
		"particle": "block/glow_item_frame"
	},
	"elements": [
		{
			"from": [0, 14, 13.5],
			"to": [16, 15.5, 16],
			"rotation": {"angle": -22.5, "axis": "x", "origin": [8, 13.75, 14.75]},
			"faces": {
				"north": {"uv": [0, 1, 16, 2.5], "texture": "#0"},
				"east": {"uv": [0, 1, 2.5, 2.5], "texture": "#0"},
				"south": {"uv": [0, 1, 16, 2.5], "texture": "#0"},
				"west": {"uv": [0, 1, 2.5, 2.5], "texture": "#0"},
				"up": {"uv": [0, 5, 16, 7.5], "texture": "#0"},
				"down": {"uv": [0, 2.5, 16, 5], "texture": "#0"}
			}
		},
		{
			"from": [4.25, 5, 15],
			"to": [11.75, 7, 15.5],
			"rotation": {"angle": 0, "axis": "y", "origin": [8, 7, 15.5]},
			"faces": {
				"north": {"uv": [0, 12.5, 7.5, 14.5], "texture": "#0"},
				"east": {"uv": [7.5, 13, 8, 15], "texture": "#0"},
				"south": {"uv": [0, 12.5, 7.5, 14.5], "texture": "#0"},
				"west": {"uv": [7.5, 13, 8, 15], "texture": "#0"},
				"up": {"uv": [3, 2, 10.5, 2.5], "texture": "#0"},
				"down": {"uv": [0, 0, 7.5, 0], "texture": "#0"}
			}
		},
		{
			"from": [4.25, 4.5, 14.5],
			"to": [11.75, 5, 15.5],
			"rotation": {"angle": 0, "axis": "x", "origin": [8, 7, 15.5]},
			"faces": {
				"north": {"uv": [7.5, 13, 15, 13.5], "rotation": 180, "texture": "#0"},
				"east": {"uv": [15.5, 12.5, 16, 13.5], "rotation": 90, "texture": "#0"},
				"south": {"uv": [7.5, 13, 15, 13.5], "rotation": 180, "texture": "#0"},
				"west": {"uv": [15.5, 12.5, 16, 13.5], "rotation": 90, "texture": "#0"},
				"up": {"uv": [7.5, 13.5, 15, 14.5], "rotation": 180, "texture": "#0"},
				"down": {"uv": [7.5, 14.5, 15, 15.5], "rotation": 180, "texture": "#0"}
			}
		}
	]
}