{
	"credit": "Made with Blockbench",
	"ambientocclusion": false,
	"textures": {
		"bars": "block/iron_bars",
		"particle": "block/iron_bars"
	},
	"elements": [
		{
			"from": [8, 0, 6],
			"to": [8, 16, 10],
			"faces": {
				"east": {"uv": [6, 0, 10, 16], "texture": "#bars"},
				"west": {"uv": [6, 0, 10, 16], "texture": "#bars"}
			}
		},
		{
			"from": [6, 0, 8],
			"to": [10, 16, 8],
			"faces": {
				"north": {"uv": [6, 0, 10, 16], "texture": "#bars"},
				"south": {"uv": [6, 0, 10, 16], "texture": "#bars"}
			}
		}
	]
}