{
"textures": {
  "particle": "block/jungle_planks",
  "texture": "block/junglefence",
  "junglefencetop": "block/junglefencetop"
},
"elements": [ 
{
  "__comment": "top bar",
  "from": [ 7, 11, 0 ],
  "to": [ 9, 13, 3.5 ],
  "faces": {
    "down": { "uv": [ 7, 1, 9, 4 ], "texture": "#junglefencetop" },
    "up":  { "uv": [ 7, 1, 9, 4 ], "texture": "#junglefencetop" },
    "north": { "uv": [ 0, 1, 2, 3 ], "texture": "#texture", "cullface": "north" },
    "west": { "uv": [ 0, 1, 3, 3 ], "texture": "#texture" },
    "east": { "uv": [ 0, 1, 3, 3 ], "texture": "#texture" }
  }
},
{
  "__comment": "top bar*",
  "from": [ 7.0625, 10.75, 2.5 ],
  "to": [ 8.9375, 12.75, 5.5 ],
  "rotation": { "origin": [ 7.0625, 12.75, 2.5 ], "axis": "x", "angle": -22.5 },
  "faces": {
    "down": { "uv": [ 9, 4, 7.125, 1 ], "texture": "#junglefencetop" },
    "up":  { "uv": [ 7, 0.5, 8.875, 3.5 ], "texture": "#junglefencetop" },
    "north": { "uv": [ 0, 1, 1.875, 3 ], "texture": "#texture", "cullface": "north" },
    "west": { "uv": [ 1.5, 1, 4.5, 3 ], "texture": "#texture" },
    "east": { "uv": [ 1.5, 1, 4.5, 3 ], "texture": "#texture" }
  }
},
{
  "__comment": "top bar*",
  "from": [ 7, 11.5, 4.5 ],
  "to": [ 9, 13.5, 7 ],
  "rotation": { "origin": [ 7, 13.5, 4.5 ], "axis": "x", "angle": -45 },
  "faces": {
    "down": { "uv": [ 8.5, 3.5, 6.5, 1 ], "texture": "#junglefencetop" },
    "up":  { "uv": [ 7, 1, 9, 3.5 ], "texture": "#junglefencetop" },
    "north": { "uv": [ 0, 1, 2, 3 ], "texture": "#junglefencetop", "cullface": "north" },
    "west": { "uv": [ 4, 1, 6.5, 3 ], "texture": "#texture" },
    "east": { "uv": [ 4, 1, 6.5, 3 ], "texture": "#texture" }
  }
},
{
  "__comment": "top bar*",
  "from": [ 7, 5, 0 ],
  "to": [ 9, 7, 3.5 ],
  "faces": {
    "down": { "uv": [ 9, 9.5, 7, 6.5 ], "texture": "#texture" },
    "up":  { "uv": [ 7, 6.5, 9, 9.5 ], "texture": "#texture" },
    "north": { "uv": [ 0, 7, 2, 9 ], "texture": "#texture", "cullface": "north" },
    "west": { "uv": [ 0, 7, 3, 9 ], "texture": "#texture" },
    "east": { "uv": [ 0, 7, 3, 9 ], "texture": "#texture" }
  }
},
{
  "__comment": "top bar*",
  "from": [ 7.0625, 4.75, 2.375 ],
  "to": [ 8.9375, 6.75, 5.375 ],
  "rotation": { "origin": [ 7.0625, 6.75, 2.375 ], "axis": "x", "angle": -22.5 },
  "faces": {
    "down": { "uv": [ 1.875, 10, 0, 7 ], "texture": "#texture" },
    "up":  { "uv": [ 0, 7, 1.875, 10 ], "texture": "#texture" },
    "north": { "uv": [ 0, 7, 1.875, 9 ], "texture": "#texture", "cullface": "north" },
    "west": { "uv": [ 0, 7, 3, 9 ], "texture": "#texture" },
    "east": { "uv": [ 0, 7, 3, 9 ], "texture": "#texture" }
  }
},
{
  "__comment": "top bar*",
  "from": [ 7, 5.5, 4.5 ],
  "to": [ 9, 7.5, 7 ],
  "rotation": { "origin": [ 7, 7.5, 4.5 ], "axis": "x", "angle": -45 },
  "faces": {
    "down": { "uv": [ 2, 9.5, 0, 7 ], "texture": "#texture" },
    "up":  { "uv": [ 0, 7, 2, 9.5 ], "texture": "#texture" },
    "north": { "uv": [ 0, 7, 2, 9 ], "texture": "#texture", "cullface": "north" },
    "west": { "uv": [ 0, 7, 2.5, 9 ], "texture": "#texture" },
    "east": { "uv": [ 0, 7, 2.5, 9 ], "texture": "#texture" }
  }
}
]
}