{
	"__comment": "Designed by Monsterfish_ with Cubik Studio - https://cubik.studio",
	"parent": "block/block",
	"textures": {
		"particle": "block/jungle_planks",
		"junglefencetop": "block/junglefencetop",
		"texture": "block/junglefence"
	},
	"elements": [ 	 
		{
			"__comment": "Right-hand post",
			"from": [ 14, 0, 6.8125 ],
			"to": [ 16, 13.5, 9.3125 ],
			"faces": {
				"down": { "uv": [ 14, 7, 16, 9 ], "texture": "#junglefencetop" },
				"up": { "uv": [ 14, 7, 16, 9 ], "texture": "#junglefencetop" },
				"north": { "uv": [ 7, 0, 9, 16 ], "texture": "#texture" },
				"south": { "uv": [ 7, 0, 9, 16 ], "texture": "#texture" },
				"west": { "uv": [ 7, 0, 9, 16 ], "texture": "#texture" },
				"east": { "uv": [ 7, 0, 9, 16 ], "texture": "#texture", "cullface": "east" }
			}
		},
		{
			"__comment": "top bar",
			"from": [ 12.125, 8.375, 7.0625 ],
			"to": [ 15.125, 10.375, 9.0625 ],
			"rotation": { "origin": [ 12.125, 10.375, 7.0625 ], "axis": "z", "angle": 45 },
			"faces": {
				"down": { "uv": [ 11.875, 7, 14.875, 9 ], "texture": "#junglefencetop" },
				"up": { "uv": [ 11.875, 7, 14.875, 9 ], "texture": "#junglefencetop" },
				"north": { "uv": [ 11.5, 1, 14.5, 3 ], "texture": "#texture", "cullface": "north" },
				"south": { "uv": [ 11.5, 1, 14.5, 3 ], "texture": "#texture" },
				"west": { "uv": [ 13, 1, 15, 3 ], "texture": "#texture" },
				"east": { "uv": [ 12.5, 1, 14.5, 3 ], "texture": "#texture" }
			}
		},
		{
			"__comment": "top bar*",
			"from": [ 10.0625, 7.75, 7.125 ],
			"to": [ 13.0625, 9.75, 8.9375 ],
			"rotation": { "origin": [ 10.0625, 9.75, 7.125 ], "axis": "z", "angle": 22.5 },
			"faces": {
				"down": { "uv": [ 9.8125, 7, 12.8125, 9 ], "texture": "#junglefencetop" },
				"up": { "uv": [ 11, 7, 14, 9 ], "texture": "#junglefencetop" },
				"north": { "uv": [ 11.5, 7, 14.5, 9 ], "texture": "#texture", "cullface": "north" },
				"south": { "uv": [ 11, 7.5, 14, 9.5 ], "texture": "#texture" },
				"west": { "uv": [ 11.5, 7, 13.5, 9 ], "texture": "#texture" },
				"east": { "uv": [ 11.5, 7, 13.5, 9 ], "texture": "#texture" }
			}
		},
		{
			"__comment": "top bar*",
			"from": [ 5.625, 8, 7 ],
			"to": [ 11.125, 10, 9 ],
			"faces": {
				"down": { "uv": [ 0, 7, 5.5, 9 ], "texture": "#junglefencetop" },
				"up": { "uv": [ 0, 6.5, 5.5, 8.5 ], "texture": "#junglefencetop" },
				"north": { "uv": [ 0, 1, 5.5, 3 ], "texture": "#texture", "cullface": "north" },
				"south": { "uv": [ 0, 1.5, 5.5, 3.5 ], "texture": "#texture" },
				"west": { "uv": [ 1.5, 7.5, 3.5, 9.5 ], "texture": "#texture" },
				"east": { "uv": [ 1.5, 7, 3.5, 9 ], "texture": "#texture" }
			}
		},
		{
			"__comment": "top bar*",
			"from": [ 2, 11, 7 ],
			"to": [ 5.5, 13, 9.0625 ],
			"rotation": { "origin": [ 2, 13, 7 ], "axis": "z", "angle": -45 },
			"faces": {
				"down": { "uv": [ 1.8125, 7, 5.3125, 9 ], "texture": "#junglefencetop" },
				"up": { "uv": [ 1.8125, 7, 5.3125, 9 ], "texture": "#junglefencetop" },
				"north": { "uv": [ 1.8125, 1, 5.3125, 3 ], "texture": "#texture", "cullface": "north" },
				"south": { "uv": [ 1.8125, 1, 5.3125, 3 ], "texture": "#texture" },
				"west": { "uv": [ 7, 1, 9, 3 ], "texture": "#texture" },
				"east": { "uv": [ 7, 1, 9, 3 ], "texture": "#texture" }
			}
		},
		{
			"__comment": "top bar*",
			"from": [ 3.8125, 8.9375, 7.0625 ],
			"to": [ 6.8125, 10.9375, 8.9375 ],
			"rotation": { "origin": [ 3.8125, 10.9375, 7.0625 ], "axis": "z", "angle": -22.5 },
			"faces": {
				"down": { "uv": [ 1, 7, 4, 9 ], "texture": "#junglefencetop" },
				"up": { "uv": [ 1, 7, 4, 9 ], "texture": "#junglefencetop" },
				"north": { "uv": [ 1, 1, 4, 3 ], "texture": "#texture", "cullface": "north" },
				"south": { "uv": [ 1, 1, 4, 3 ], "texture": "#texture" },
				"west": { "uv": [ 1, 1, 3, 3 ], "texture": "#texture" },
				"east": { "uv": [ 0.5, 1, 2.5, 3 ], "texture": "#texture" }
			}
		},
		{
			"__comment": "Right-hand post*",
			"from": [ 0, 0, 6.8125 ],
			"to": [ 2, 13.5, 9.3125 ],
			"faces": {
				"down": { "uv": [ 14, 7, 16, 9 ], "texture": "#junglefencetop" },
				"up": { "uv": [ 14, 7, 16, 9 ], "texture": "#junglefencetop" },
				"north": { "uv": [ 7, 0, 9, 16 ], "texture": "#texture" },
				"south": { "uv": [ 7, 0, 9, 16 ], "texture": "#texture" },
				"west": { "uv": [ 7, 0, 9, 16 ], "texture": "#texture" },
				"east": { "uv": [ 7, 0, 9, 16 ], "texture": "#texture", "cullface": "east" }
			}
		}
	]
}