{
	"credit": "Made with Blockbench",
	"textures": {
		"5": "block/kelp_stem"
	},
	"elements": [
		{
			"from": [-8, 0, 8],
			"to": [24, 16, 8],
			"rotation": {"angle": -45, "axis": "y", "origin": [8, 8, 8]},
			"faces": {
				"north": {"uv": [16, 7.25, 0, 16], "texture": "#5"},
				"south": {"uv": [0, 7.25, 16, 16], "texture": "#5"}
			}
		},
		{
			"from": [8, 0, -8],
			"to": [8, 16, 24],
			"rotation": {"angle": -45, "axis": "y", "origin": [8, 8, 8]},
			"faces": {
				"east": {"uv": [16, 7.25, 0, 16], "texture": "#5"},
				"west": {"uv": [16, 7.25, 0, 16], "texture": "#5"}
			}
		}
	],
	"groups": [
		{
			"name": "group",
			"origin": [8, -8.125, 8],
			"color": 0,
			"children": [0, 1]
		}
	]
}