{
	"credit": "Made with Blockbench",
	"ambientocclusion": false,
	"textures": {
		"particle": "block/large_fern",

		"0": "block/large_fern",
		"1": "block/large_fern2"
	},
	"elements": [
		{
			"from": [-10.39414, 20.17037, -7.5],
			"to": [-2.39414, 20.17037, 24.5],
			"rotation": {"angle": -45, "axis": "z", "origin": [1.8539, 16.75425, 11.13378]},
			"faces": {
				"north": {"uv": [0, 0, 0, 16], "rotation": 90, "texture": "#0", "tintindex": 0},
				"east": {"uv": [0, 0, 16, 0], "texture": "#0", "tintindex": 0},
				"south": {"uv": [9, 0, 9, 16], "rotation": 270, "texture": "#0", "tintindex": 0},
				"west": {"uv": [0, 0, 16, 0], "rotation": 180, "texture": "#0", "tintindex": 0},
				"up": {"uv": [0, 0, 16, 4], "rotation": 270, "texture": "#0", "tintindex": 0},
				"down": {"uv": [16, 0, 0, 4], "rotation": 270, "texture": "#0", "tintindex": 0}
			}
		},
		{
			"from": [1, -5.31183, -2.5],
			"to": [1, 26.49933, 29.5],
			"rotation": {"angle": 45, "axis": "y", "origin": [1.32979, 10.59375, 13.80399]},
			"faces": {
				"north": {"uv": [0, 0, 0, 16], "texture": "#1", "tintindex": 0},
				"east": {"uv": [16, 0, 0, 16], "texture": "#1", "tintindex": 0},
				"south": {"uv": [9, 0, 9, 16], "texture": "#1", "tintindex": 0},
				"west": {"uv": [16, 0, 0, 16], "texture": "#1", "tintindex": 0},
				"up": {"uv": [0, 0, 16, 0], "rotation": 270, "texture": "#1", "tintindex": 0},
				"down": {"uv": [0, 0, 16, 0], "rotation": 90, "texture": "#1", "tintindex": 0}
			}
		},
		{
			"from": [-1, -5.31183, -2.5],
			"to": [-1, 26.49933, 29.5],
			"rotation": {"angle": -45, "axis": "y", "origin": [-1.30399, 10.59375, 15.82979]},
			"faces": {
				"north": {"uv": [0, 0, 0, 16], "texture": "#1", "tintindex": 0},
				"east": {"uv": [16, 0, 0, 16], "texture": "#1", "tintindex": 0},
				"south": {"uv": [9, 0, 9, 16], "texture": "#1", "tintindex": 0},
				"west": {"uv": [16, 0, 0, 16], "texture": "#1", "tintindex": 0},
				"up": {"uv": [0, 0, 16, 0], "rotation": 270, "texture": "#1", "tintindex": 0},
				"down": {"uv": [0, 0, 16, 0], "rotation": 90, "texture": "#1", "tintindex": 0}
			}
		},
		{
			"from": [3.38433, 13.98622, -7.5],
			"to": [3.38433, 21.98622, 24.5],
			"rotation": {"angle": 22.5, "axis": "z", "origin": [1.8539, 16.75425, 11.13378]},
			"faces": {
				"north": {"uv": [0, 0, 0, 16], "texture": "#0", "tintindex": 0},
				"east": {"uv": [0, 4, 16, 8], "texture": "#0", "tintindex": 0},
				"south": {"uv": [9, 0, 9, 16], "texture": "#0", "tintindex": 0},
				"west": {"uv": [16, 4, 0, 8], "texture": "#0", "tintindex": 0},
				"up": {"uv": [0, 0, 16, 0], "rotation": 270, "texture": "#0", "tintindex": 0},
				"down": {"uv": [0, 0, 16, 0], "rotation": 90, "texture": "#0", "tintindex": 0}
			}
		},
		{
			"from": [-9.01232, -1.21741, 5.60799],
			"to": [22.98768, 14.78259, 5.60799],
			"rotation": {"angle": 0, "axis": "z", "origin": [4.3539, 16.75425, 3.13378]},
			"faces": {
				"north": {"uv": [16, 8, 0, 16], "texture": "#0", "tintindex": 0},
				"east": {"uv": [0, 0, 0, 16], "texture": "#0", "tintindex": 0},
				"south": {"uv": [0, 8, 16, 16], "texture": "#0", "tintindex": 0},
				"west": {"uv": [9, 0, 9, 16], "texture": "#0", "tintindex": 0},
				"up": {"uv": [0, 0, 16, 0], "texture": "#0", "tintindex": 0},
				"down": {"uv": [0, 0, 16, 0], "texture": "#0", "tintindex": 0}
			}
		},
		{
			"from": [4.32711, -1.21741, -7.5],
			"to": [4.32711, 14.78259, 24.5],
			"rotation": {"angle": 0, "axis": "z", "origin": [6.80132, 16.75425, 5.86622]},
			"faces": {
				"north": {"uv": [9, 0, 9, 16], "texture": "#0", "tintindex": 0},
				"east": {"uv": [0, 8, 16, 16], "texture": "#0", "tintindex": 0},
				"south": {"uv": [0, 0, 0, 16], "texture": "#0", "tintindex": 0},
				"west": {"uv": [16, 8, 0, 16], "texture": "#0", "tintindex": 0},
				"up": {"uv": [0, 0, 16, 0], "rotation": 90, "texture": "#0", "tintindex": 0},
				"down": {"uv": [0, 0, 16, 0], "rotation": 270, "texture": "#0", "tintindex": 0}
			}
		},
		{
			"from": [-9.01232, 13.98622, 4.66421],
			"to": [22.98768, 21.98622, 4.66421],
			"rotation": {"angle": -22.5, "axis": "x", "origin": [4.3539, 16.75425, 3.13378]},
			"faces": {
				"north": {"uv": [16, 4, 0, 8], "texture": "#0", "tintindex": 0},
				"east": {"uv": [0, 0, 0, 16], "texture": "#0", "tintindex": 0},
				"south": {"uv": [0, 4, 16, 8], "texture": "#0", "tintindex": 0},
				"west": {"uv": [9, 0, 9, 16], "texture": "#0", "tintindex": 0},
				"up": {"uv": [0, 0, 16, 0], "texture": "#0", "tintindex": 0},
				"down": {"uv": [0, 0, 16, 0], "texture": "#0", "tintindex": 0}
			}
		},
		{
			"from": [-9.01232, 20.17037, -9.11426],
			"to": [22.98768, 20.17037, -1.11426],
			"rotation": {"angle": 45, "axis": "x", "origin": [4.3539, 16.75425, 3.13378]},
			"faces": {
				"north": {"uv": [0, 0, 16, 0], "rotation": 180, "texture": "#0", "tintindex": 0},
				"east": {"uv": [0, 0, 0, 16], "rotation": 90, "texture": "#0", "tintindex": 0},
				"south": {"uv": [0, 0, 16, 0], "texture": "#0", "tintindex": 0},
				"west": {"uv": [9, 0, 9, 16], "rotation": 270, "texture": "#0", "tintindex": 0},
				"up": {"uv": [0, 0, 16, 4], "texture": "#0", "tintindex": 0},
				"down": {"uv": [16, 0, 0, 4], "rotation": 180, "texture": "#0", "tintindex": 0}
			}
		},
		{
			"from": [10.37947, -3.71774, -10.23244],
			"to": [10.37947, 12.28226, 21.76756],
			"rotation": {"angle": -22.5, "axis": "z", "origin": [12.85368, 14.25392, 3.13378]},
			"faces": {
				"north": {"uv": [9, 0, 9, 16], "texture": "#0", "tintindex": 0},
				"east": {"uv": [16, 8, 0, 16], "texture": "#0", "tintindex": 0},
				"south": {"uv": [0, 0, 0, 16], "texture": "#0", "tintindex": 0},
				"west": {"uv": [0, 8, 16, 16], "texture": "#0", "tintindex": 0},
				"up": {"uv": [0, 0, 16, 0], "rotation": 90, "texture": "#0", "tintindex": 0},
				"down": {"uv": [0, 0, 16, 0], "rotation": 270, "texture": "#0", "tintindex": 0}
			}
		},
		{
			"from": [11.32326, 11.48589, -10.23244],
			"to": [11.32326, 19.48589, 21.76756],
			"rotation": {"angle": -45, "axis": "z", "origin": [12.85368, 14.25392, 3.13378]},
			"faces": {
				"north": {"uv": [9, 0, 9, 16], "texture": "#0", "tintindex": 0},
				"east": {"uv": [16, 4, 0, 8], "texture": "#0", "tintindex": 0},
				"south": {"uv": [0, 0, 0, 16], "texture": "#0", "tintindex": 0},
				"west": {"uv": [0, 4, 16, 8], "texture": "#0", "tintindex": 0},
				"up": {"uv": [0, 0, 16, 0], "rotation": 90, "texture": "#0", "tintindex": 0},
				"down": {"uv": [0, 0, 16, 0], "rotation": 270, "texture": "#0", "tintindex": 0}
			}
		},
		{
			"from": [17.10194, 17.67037, -10.23244],
			"to": [25.10194, 17.67037, 21.76756],
			"rotation": {"angle": 22.5, "axis": "z", "origin": [12.8539, 14.25425, 3.13378]},
			"faces": {
				"north": {"uv": [9, 0, 9, 16], "rotation": 270, "texture": "#0", "tintindex": 0},
				"east": {"uv": [0, 0, 16, 0], "rotation": 180, "texture": "#0", "tintindex": 0},
				"south": {"uv": [0, 0, 0, 16], "rotation": 90, "texture": "#0", "tintindex": 0},
				"west": {"uv": [0, 0, 16, 0], "texture": "#0", "tintindex": 0},
				"up": {"uv": [0, 0, 16, 4], "rotation": 90, "texture": "#0", "tintindex": 0},
				"down": {"uv": [16, 0, 0, 4], "rotation": 90, "texture": "#0", "tintindex": 0}
			}
		},
		{
			"from": [-5.77988, -1.21741, 11.65957],
			"to": [26.22012, 14.78259, 11.65957],
			"rotation": {"angle": 0, "axis": "z", "origin": [12.8539, 16.75425, 14.13378]},
			"faces": {
				"north": {"uv": [0, 8, 16, 16], "texture": "#0", "tintindex": 0},
				"east": {"uv": [9, 0, 9, 16], "texture": "#0", "tintindex": 0},
				"south": {"uv": [16, 8, 0, 16], "texture": "#0", "tintindex": 0},
				"west": {"uv": [0, 0, 0, 16], "texture": "#0", "tintindex": 0},
				"up": {"uv": [0, 0, 16, 0], "rotation": 180, "texture": "#0", "tintindex": 0},
				"down": {"uv": [0, 0, 16, 0], "rotation": 180, "texture": "#0", "tintindex": 0}
			}
		},
		{
			"from": [-5.77988, 13.98622, 12.60335],
			"to": [26.22012, 21.98622, 12.60335],
			"rotation": {"angle": 22.5, "axis": "x", "origin": [12.8539, 16.75425, 14.13378]},
			"faces": {
				"north": {"uv": [0, 4, 16, 8], "texture": "#0", "tintindex": 0},
				"east": {"uv": [9, 0, 9, 16], "texture": "#0", "tintindex": 0},
				"south": {"uv": [16, 4, 0, 8], "texture": "#0", "tintindex": 0},
				"west": {"uv": [0, 0, 0, 16], "texture": "#0", "tintindex": 0},
				"up": {"uv": [0, 0, 16, 0], "rotation": 180, "texture": "#0", "tintindex": 0},
				"down": {"uv": [0, 0, 16, 0], "rotation": 180, "texture": "#0", "tintindex": 0}
			}
		},
		{
			"from": [-5.77988, 20.17037, 18.38182],
			"to": [26.22012, 20.17037, 26.38182],
			"rotation": {"angle": -45, "axis": "x", "origin": [12.8539, 16.75425, 14.13378]},
			"faces": {
				"north": {"uv": [0, 0, 16, 0], "texture": "#0", "tintindex": 0},
				"east": {"uv": [9, 0, 9, 16], "rotation": 270, "texture": "#0", "tintindex": 0},
				"south": {"uv": [0, 0, 16, 0], "rotation": 180, "texture": "#0", "tintindex": 0},
				"west": {"uv": [0, 0, 0, 16], "rotation": 90, "texture": "#0", "tintindex": 0},
				"up": {"uv": [0, 0, 16, 4], "rotation": 180, "texture": "#0", "tintindex": 0},
				"down": {"uv": [16, 0, 0, 4], "texture": "#0", "tintindex": 0}
			}
		},
		{
			"from": [15.20906, -5.31183, -7.81365],
			"to": [15.20906, 26.49933, 24.18635],
			"rotation": {"angle": 22.5, "axis": "y", "origin": [17.20906, 10.59375, 4.68635]},
			"faces": {
				"north": {"uv": [0, 0, 0, 16], "texture": "#1", "tintindex": 0},
				"east": {"uv": [16, 0, 0, 16], "texture": "#1", "tintindex": 0},
				"south": {"uv": [9, 0, 9, 16], "texture": "#1", "tintindex": 0},
				"west": {"uv": [16, 0, 0, 16], "texture": "#1", "tintindex": 0},
				"up": {"uv": [0, 0, 16, 0], "rotation": 270, "texture": "#1", "tintindex": 0},
				"down": {"uv": [0, 0, 16, 0], "rotation": 90, "texture": "#1", "tintindex": 0}
			}
		},
		{
			"from": [0, -5.31183, 6.63378],
			"to": [32, 26.49933, 6.63378],
			"rotation": {"angle": 22.5, "axis": "y", "origin": [20.08855, 10.59375, 6.34441]},
			"faces": {
				"north": {"uv": [16, 0, 0, 16], "texture": "#1", "tintindex": 0},
				"east": {"uv": [0, 0, 0, 16], "texture": "#1", "tintindex": 0},
				"south": {"uv": [16, 0, 0, 16], "texture": "#1", "tintindex": 0},
				"west": {"uv": [9, 0, 9, 16], "texture": "#1", "tintindex": 0},
				"up": {"uv": [0, 0, 16, 0], "texture": "#1", "tintindex": 0},
				"down": {"uv": [0, 0, 16, 0], "texture": "#1", "tintindex": 0}
			}
		},
		{
			"from": [2.98973, -5.31183, -14.78465],
			"to": [2.98973, 26.49933, 17.21535],
			"rotation": {"angle": 22.5, "axis": "y", "origin": [-1.51027, 10.59375, 1.71535]},
			"faces": {
				"north": {"uv": [0, 0, 0, 16], "texture": "#1", "tintindex": 0},
				"east": {"uv": [16, 0, 0, 16], "texture": "#1", "tintindex": 0},
				"south": {"uv": [9, 0, 9, 16], "texture": "#1", "tintindex": 0},
				"west": {"uv": [16, 0, 0, 16], "texture": "#1", "tintindex": 0},
				"up": {"uv": [0, 0, 16, 0], "rotation": 270, "texture": "#1", "tintindex": 0},
				"down": {"uv": [0, 0, 16, 0], "rotation": 90, "texture": "#1", "tintindex": 0}
			}
		},
		{
			"from": [-9, -5.31183, -3.86622],
			"to": [23, 26.49933, -3.86622],
			"rotation": {"angle": 22.5, "axis": "y", "origin": [20.08855, 10.59375, 6.34441]},
			"faces": {
				"north": {"uv": [16, 0, 0, 16], "texture": "#1", "tintindex": 0},
				"east": {"uv": [0, 0, 0, 16], "texture": "#1", "tintindex": 0},
				"south": {"uv": [16, 0, 0, 16], "texture": "#1", "tintindex": 0},
				"west": {"uv": [9, 0, 9, 16], "texture": "#1", "tintindex": 0},
				"up": {"uv": [0, 0, 16, 0], "texture": "#1", "tintindex": 0},
				"down": {"uv": [0, 0, 16, 0], "texture": "#1", "tintindex": 0}
			}
		}
	]
}