{
	"credit": "Made with Blockbench",
	"textures": {
		"particle": "block/amethyst_cluster_block",
		"texture": "block/amethyst_cluster_block"
	},
	"elements": [
		{
			"name": "Element",
			"from": [8, -0.25, 4],
			"to": [11, 5.25, 7],
			"rotation": {"angle": -45, "axis": "y", "origin": [8, 0.25, 4.5]},
			"faces": {
				"north": {"uv": [4.5, 8.5, 7.5, 14], "texture": "#texture"},
				"east": {"uv": [8.5, 8.5, 11.5, 14], "texture": "#texture"},
				"south": {"uv": [7.5, 8.5, 10.5, 14], "texture": "#texture"},
				"west": {"uv": [3.5, 8.5, 6.5, 14], "texture": "#texture"},
				"up": {"uv": [7.5, 3.5, 10.5, 6.5], "texture": "#texture"},
				"down": {"uv": [7.5, 8.5, 10.5, 11.5], "texture": "#texture", "cullface": "down"}
			}
		},
		{
			"name": "Element",
			"from": [6.5, 0, 7],
			"to": [9.5, 7.5, 10],
			"faces": {
				"north": {"uv": [6, 6.5, 9, 14], "texture": "#texture"},
				"east": {"uv": [5.5, 6.5, 8.5, 14], "texture": "#texture"},
				"south": {"uv": [6, 6.5, 9, 14], "texture": "#texture"},
				"west": {"uv": [6.5, 6.5, 9.5, 14], "texture": "#texture"},
				"up": {"uv": [6, 6.5, 9, 9.5], "texture": "#texture"},
				"down": {"uv": [6, 5.5, 9, 8.5], "texture": "#texture", "cullface": "down"}
			}
		},
		{
			"name": "Element",
			"from": [8.5, 0, 9.5],
			"to": [10.5, 4, 11.5],
			"rotation": {"angle": 22.5, "axis": "x", "origin": [8.5, 0, 9]},
			"faces": {
				"north": {"uv": [5, 10, 7, 14], "texture": "#texture"},
				"east": {"uv": [4, 10, 6, 14], "texture": "#texture"},
				"south": {"uv": [8, 10, 10, 14], "texture": "#texture"},
				"west": {"uv": [9, 10, 11, 14], "texture": "#texture"},
				"up": {"uv": [8, 9, 10, 11], "texture": "#texture"},
				"down": {"uv": [8, 4, 10, 6], "texture": "#texture", "cullface": "down"}
			}
		},
		{
			"name": "Element",
			"from": [4.5, 0, 11.5],
			"to": [6, 1, 13],
			"rotation": {"angle": -22.5, "axis": "y", "origin": [5.25, 1.25, 12.25]},
			"faces": {
				"north": {"uv": [9.5, 13.5, 11, 14.5], "texture": "#texture"},
				"east": {"uv": [2.5, 13.5, 4, 14.5], "texture": "#texture"},
				"south": {"uv": [4, 13.5, 5.5, 14.5], "texture": "#texture"},
				"west": {"uv": [11, 13.5, 12.5, 14.5], "texture": "#texture"},
				"up": {"uv": [4, 10, 5.5, 11.5], "texture": "#texture"},
				"down": {"uv": [4, 2.5, 5.5, 4], "texture": "#texture", "cullface": "down"}
			}
		},
		{
			"name": "Element",
			"from": [3, 0, 4],
			"to": [6, 5, 7],
			"rotation": {"angle": 22.5, "axis": "y", "origin": [5.5, 0, 3.5]},
			"faces": {
				"north": {"uv": [9.5, 9, 12.5, 14], "texture": "#texture"},
				"east": {"uv": [8.5, 9, 11.5, 14], "texture": "#texture"},
				"south": {"uv": [2.5, 9, 5.5, 14], "texture": "#texture"},
				"west": {"uv": [3.5, 9, 6.5, 14], "texture": "#texture"},
				"up": {"uv": [5, 5.5, 8, 8.5], "texture": "#texture"},
				"down": {"uv": [2.5, 8.5, 5.5, 11.5], "texture": "#texture", "cullface": "down"}
			}
		},
		{
			"name": "Element",
			"from": [3.5, -1, 8.5],
			"to": [5.5, 2.5, 10.5],
			"rotation": {"angle": 22.5, "axis": "z", "origin": [3.5, -0.5, 8]},
			"faces": {
				"north": {"uv": [10, 10.5, 12, 14], "texture": "#texture"},
				"east": {"uv": [5, 10.5, 7, 14], "texture": "#texture"},
				"south": {"uv": [3, 10.5, 5, 14], "texture": "#texture"},
				"west": {"uv": [8, 10.5, 10, 14], "texture": "#texture"},
				"up": {"uv": [3, 8, 5, 10], "texture": "#texture"},
				"down": {"uv": [3, 5, 5, 7], "texture": "#texture", "cullface": "down"}
			}
		},
		{
			"name": "Element",
			"from": [7.5, -1, 2],
			"to": [9.5, 2, 4],
			"rotation": {"angle": -22.5, "axis": "x", "origin": [7.5, -0.5, 1.5]},
			"faces": {
				"north": {"uv": [6, 11, 8, 14], "texture": "#texture"},
				"east": {"uv": [11.5, 11, 13.5, 14], "texture": "#texture"},
				"south": {"uv": [7, 11, 9, 14], "texture": "#texture"},
				"west": {"uv": [1.5, 11, 3.5, 14], "texture": "#texture"},
				"up": {"uv": [7, 1.5, 9, 3.5], "texture": "#texture"},
				"down": {"uv": [7, 11.5, 9, 13.5], "texture": "#texture", "cullface": "down"}
			}
		},
		{
			"name": "Element",
			"from": [9, 0.25, 7.5],
			"to": [14.5, 2.25, 9.5],
			"rotation": {"angle": 22.5, "axis": "z", "origin": [14.25, 1.75, 6.5]},
			"faces": {
				"north": {"uv": [1, 9.5, 3, 15], "rotation": 270, "texture": "#texture"},
				"east": {"uv": [6, 12.75, 8, 14.75], "rotation": 270, "texture": "#texture"},
				"south": {"uv": [9.5, 9.5, 11.5, 15], "rotation": 90, "texture": "#texture"},
				"west": {"uv": [7, 12.75, 9, 14.75], "rotation": 270, "texture": "#texture", "cullface": "down"},
				"up": {"uv": [9.45669, 7, 11.45669, 12.5], "rotation": 90, "texture": "#texture"},
				"down": {"uv": [9.45669, 6, 14.95669, 8], "texture": "#texture"}
			}
		},
		{
			"name": "Element",
			"from": [10, 0, 4.5],
			"to": [13, 3, 7.5],
			"faces": {
				"north": {"uv": [2.5, 11, 5.5, 14], "texture": "#texture"},
				"east": {"uv": [8, 11, 11, 14], "texture": "#texture"},
				"south": {"uv": [9.5, 11, 12.5, 14], "texture": "#texture"},
				"west": {"uv": [4, 11, 7, 14], "texture": "#texture"},
				"up": {"uv": [9.5, 4, 12.5, 7], "texture": "#texture"},
				"down": {"uv": [9.5, 8, 12.5, 11], "texture": "#texture", "cullface": "down"}
			}
		}
	]
}