{
	"textures": {
		"particle": "block/candle_lit",
		"candle": "block/candle_lit",
		"holder": "block/candle_with_holder"
	},
	"elements": [ 	 
		{
			"from": [ 10.5, 0, 2 ],
			"to": [ 13.5, 0.5, 5 ],
			"faces": {
				"down": { "uv": [ 0, 0, 3, 3 ], "texture": "#holder", "rotation": 90 },
				"north": { "uv": [ 0, 0, 0.5, 3 ], "texture": "#holder", "rotation": 90 },
				"south": { "uv": [ 13.5, 0, 14, 3 ], "texture": "#holder", "rotation": 90 },
				"west": { "uv": [ 0, 0, 3, 0.5 ], "texture": "#holder" },
				"east": { "uv": [ 0, 2.5, 3, 3 ], "texture": "#holder" }
			}
		},
		{
			"from": [ 9.75, 0.5, 1.25 ],
			"to": [ 14.25, 0.501, 5.75 ],
			"faces": {
				"down": { "uv": [ 4.5, 11.5, 9, 16 ], "texture": "#holder", "rotation": 90 },
				"up": { "uv": [ 0, 11.5, 4.5, 16 ], "texture": "#holder", "rotation": 270 }
			}
		},
		{
			"from": [ 12.5, 0, 3.5 ],
			"to": [ 17, 4.5, 3.501 ],
			"rotation": { "origin": [ 12, 0, 3.5 ], "axis": "y", "angle": 45 },
			"faces": {
				"north": { "uv": [ 9, 11.5, 13.5, 16 ], "texture": "#holder" },
				"south": { "uv": [ 13.5, 11.5, 9, 16 ], "texture": "#holder" }
			}
		},
		{
			"from": [ 10.75, 0.5, 3.499 ],
			"to": [ 13.25, 1.5, 3.5 ],
			"faces": {
				"north": { "uv": [ 5, 10.5, 7.5, 11.5 ], "texture": "#holder" },
				"south": { "uv": [ 5, 10.5, 7.5, 11.5 ], "texture": "#holder" }
			}
		},
		{
			"from": [ 12, 0.5, 2.25 ],
			"to": [ 12.001, 1.5, 4.75 ],
			"faces": {
				"west": { "uv": [ 7.5, 10.5, 10, 11.5 ], "texture": "#holder" },
				"east": { "uv": [ 7.5, 10.5, 10, 11.5 ], "texture": "#holder" }
			}
		},
		{
			"from": [ 10.5, 1.5, 2 ],
			"to": [ 13.5, 1.501, 5 ],
			"faces": {
				"down": { "uv": [ 0.5, 7.5, 3.5, 10.5 ], "texture": "#holder", "rotation": 90 },
				"up": { "uv": [ 0.5, 7.5, 3.5, 10.5 ], "texture": "#holder", "rotation": 270 }
			}
		},
		{
			"from": [ 11.5, 1.5, 3 ],
			"to": [ 12.5, 4.5, 4 ],
			"faces": {
				"up": { "uv": [ 7.5, 6, 8.5, 7 ], "texture": "#candle", "rotation": 270 },
				"north": { "uv": [ 8.5, 6, 9.5, 9 ], "texture": "#candle" },
				"south": { "uv": [ 8.5, 6, 9.5, 9 ], "texture": "#candle" },
				"west": { "uv": [ 7, 6, 8, 9 ], "texture": "#candle" },
				"east": { "uv": [ 7, 6, 8, 9 ], "texture": "#candle" }
			}
		},
		{
			"from": [ 12, 4.5, 3 ],
			"to": [ 12.001, 6.5, 4 ],
			"faces": {
				"west": { "uv": [ 9, 2, 7, 6 ], "texture": "#candle" },
				"east": { "uv": [ 7, 2, 9, 6 ], "texture": "#candle" }
			}
		},
		{
			"from": [ 11.5, 4.5, 3.499 ],
			"to": [ 12.5, 6.5, 3.5 ],
			"faces": {
				"north": { "uv": [ 7, 2, 9, 6 ], "texture": "#candle" },
				"south": { "uv": [ 9, 2, 7, 6 ], "texture": "#candle" }
			}
		},
		{
			"from": [ 1, 0, 9 ],
			"to": [ 15, 0.5, 12 ],
			"rotation": { "origin": [ 8, 0.25, 10.5 ], "axis": "y", "angle": -22.5 },
			"faces": {
				"down": { "uv": [ 0, 0, 14, 3 ], "texture": "#holder" },
				"north": { "uv": [ 0, 0, 14, 0.5 ], "texture": "#holder" },
				"south": { "uv": [ 0, 2.5, 14, 3 ], "texture": "#holder" },
				"west": { "uv": [ 13.5, 0, 14, 3 ], "texture": "#holder", "rotation": 90 },
				"east": { "uv": [ 0, 0, 0.5, 3 ], "texture": "#holder", "rotation": 90 }
			}
		},
		{
			"from": [ -0.5, 0.5, 8.25 ],
			"to": [ 16.5, 0.501, 12.75 ],
			"rotation": { "origin": [ 8, 0.25, 10.5 ], "axis": "y", "angle": -22.5 },
			"faces": {
				"down": { "uv": [ 0, 3, 16, 7.5 ], "texture": "#holder" },
				"up": { "uv": [ 0, 3, 16, 7.5 ], "texture": "#holder" }
			}
		},
		{
			"from": [ 4.1109, 0.5, 5.3609 ],
			"to": [ 4.1119, 1.5, 7.8609 ],
			"rotation": { "origin": [ 8, 0.25, 10.5 ], "axis": "y", "angle": 22.5 },
			"faces": {
				"west": { "uv": [ 0, 10.5, 2.5, 11.5 ], "texture": "#holder" },
				"east": { "uv": [ 0, 10.5, 2.5, 11.5 ], "texture": "#holder" }
			}
		},
		{
			"from": [ 2.8609, 0.5, 6.6109 ],
			"to": [ 5.3609, 1.5, 6.6119 ],
			"rotation": { "origin": [ 8, 0.25, 10.5 ], "axis": "y", "angle": 22.5 },
			"faces": {
				"north": { "uv": [ 2.5, 10.5, 5, 11.5 ], "texture": "#holder" },
				"south": { "uv": [ 2.5, 10.5, 5, 11.5 ], "texture": "#holder" }
			}
		},
		{
			"from": [ 6.5858, 0.5, 7.8358 ],
			"to": [ 6.5868, 1.5, 10.3358 ],
			"rotation": { "origin": [ 8, 0.25, 10.5 ], "axis": "y", "angle": 22.5 },
			"faces": {
				"west": { "uv": [ 2.5, 10.5, 5, 11.5 ], "texture": "#holder" },
				"east": { "uv": [ 2.5, 10.5, 5, 11.5 ], "texture": "#holder" }
			}
		},
		{
			"from": [ 5.3358, 0.5, 9.0858 ],
			"to": [ 7.8358, 1.5, 9.0868 ],
			"rotation": { "origin": [ 8, 0.25, 10.5 ], "axis": "y", "angle": 22.5 },
			"faces": {
				"north": { "uv": [ 0, 10.5, 2.5, 11.5 ], "texture": "#holder" },
				"south": { "uv": [ 0, 10.5, 2.5, 11.5 ], "texture": "#holder" }
			}
		},
		{
			"from": [ 9.4142, 0.5, 10.6642 ],
			"to": [ 9.4152, 1.5, 13.1642 ],
			"rotation": { "origin": [ 8, 0.25, 10.5 ], "axis": "y", "angle": 22.5 },
			"faces": {
				"west": { "uv": [ 5, 10.5, 7.5, 11.5 ], "texture": "#holder" },
				"east": { "uv": [ 5, 10.5, 7.5, 11.5 ], "texture": "#holder" }
			}
		},
		{
			"from": [ 8.1642, 0.5, 11.9142 ],
			"to": [ 10.6642, 1.5, 11.9152 ],
			"rotation": { "origin": [ 8, 0.25, 10.5 ], "axis": "y", "angle": 22.5 },
			"faces": {
				"north": { "uv": [ 7.5, 10.5, 10, 11.5 ], "texture": "#holder" },
				"south": { "uv": [ 7.5, 10.5, 10, 11.5 ], "texture": "#holder" }
			}
		},
		{
			"from": [ 11.8891, 0.5, 13.1391 ],
			"to": [ 11.8901, 1.5, 15.6391 ],
			"rotation": { "origin": [ 8, 0.25, 10.5 ], "axis": "y", "angle": 22.5 },
			"faces": {
				"west": { "uv": [ 7.5, 10.5, 10, 11.5 ], "texture": "#holder" },
				"east": { "uv": [ 7.5, 10.5, 10, 11.5 ], "texture": "#holder" }
			}
		},
		{
			"from": [ 10.6391, 0.5, 14.3891 ],
			"to": [ 13.1391, 1.5, 14.3901 ],
			"rotation": { "origin": [ 8, 0.25, 10.5 ], "axis": "y", "angle": 22.5 },
			"faces": {
				"north": { "uv": [ 5, 10.5, 7.5, 11.5 ], "texture": "#holder" },
				"south": { "uv": [ 5, 10.5, 7.5, 11.5 ], "texture": "#holder" }
			}
		},
		{
			"from": [ 0.5, 1.5, 9 ],
			"to": [ 15.5, 1.501, 12 ],
			"rotation": { "origin": [ 8, 0.25, 10.5 ], "axis": "y", "angle": -22.5 },
			"faces": {
				"down": { "uv": [ 0, 7.5, 15, 10.5 ], "texture": "#holder" },
				"up": { "uv": [ 0, 7.5, 15, 10.5 ], "texture": "#holder" }
			}
		},
		{
			"from": [ 2, 1.5, 10 ],
			"to": [ 3, 4, 11 ],
			"rotation": { "origin": [ 8, 0.25, 10.5 ], "axis": "y", "angle": -22.5 },
			"faces": {
				"up": { "uv": [ 7.5, 6, 8.5, 7 ], "texture": "#candle" },
				"north": { "uv": [ 7, 6, 8, 8.5 ], "texture": "#candle" },
				"south": { "uv": [ 7, 6, 8, 8.5 ], "texture": "#candle" },
				"west": { "uv": [ 8.5, 6, 9.5, 8.5 ], "texture": "#candle" },
				"east": { "uv": [ 8.5, 6, 9.5, 8.5 ], "texture": "#candle" }
			}
		},
		{
			"from": [ 2, 4, 10.5 ],
			"to": [ 3, 6, 10.501 ],
			"rotation": { "origin": [ 8, 0.25, 10.5 ], "axis": "y", "angle": -22.5 },
			"faces": {
				"north": { "uv": [ 7, 2, 9, 6 ], "texture": "#candle" },
				"south": { "uv": [ 9, 2, 7, 6 ], "texture": "#candle" }
			}
		},
		{
			"from": [ 2.5, 4, 10 ],
			"to": [ 2.501, 6, 11 ],
			"rotation": { "origin": [ 8, 0.25, 10.5 ], "axis": "y", "angle": -22.5 },
			"faces": {
				"west": { "uv": [ 9, 2, 7, 6 ], "texture": "#candle" },
				"east": { "uv": [ 7, 2, 9, 6 ], "texture": "#candle" }
			}
		},
		{
			"from": [ 5.5, 1.5, 10 ],
			"to": [ 6.5, 5.5, 11 ],
			"rotation": { "origin": [ 8, 0.25, 10.5 ], "axis": "y", "angle": -22.5 },
			"faces": {
				"up": { "uv": [ 7.5, 6, 8.5, 7 ], "texture": "#candle" },
				"north": { "uv": [ 7, 6, 8, 10 ], "texture": "#candle" },
				"south": { "uv": [ 7, 6, 8, 10 ], "texture": "#candle" },
				"west": { "uv": [ 8.5, 6, 9.5, 10 ], "texture": "#candle" },
				"east": { "uv": [ 8.5, 6, 9.5, 10 ], "texture": "#candle" }
			}
		},
		{
			"from": [ 5.5, 5.5, 10.5 ],
			"to": [ 6.5, 7.5, 10.501 ],
			"rotation": { "origin": [ 8, 0.25, 10.5 ], "axis": "y", "angle": -22.5 },
			"faces": {
				"north": { "uv": [ 9, 2, 7, 6 ], "texture": "#candle" },
				"south": { "uv": [ 7, 2, 9, 6 ], "texture": "#candle" }
			}
		},
		{
			"from": [ 6, 5.5, 10 ],
			"to": [ 6.001, 7.5, 11 ],
			"rotation": { "origin": [ 8, 0.25, 10.5 ], "axis": "y", "angle": -22.5 },
			"faces": {
				"west": { "uv": [ 7, 2, 9, 6 ], "texture": "#candle" },
				"east": { "uv": [ 9, 2, 7, 6 ], "texture": "#candle" }
			}
		},
		{
			"from": [ 9.5, 1.5, 10 ],
			"to": [ 10.5, 4.5, 11 ],
			"rotation": { "origin": [ 8, 0.25, 10.5 ], "axis": "y", "angle": -22.5 },
			"faces": {
				"up": { "uv": [ 7.5, 6, 8.5, 7 ], "texture": "#candle" },
				"north": { "uv": [ 7, 6, 8, 9 ], "texture": "#candle" },
				"south": { "uv": [ 7, 6, 8, 9 ], "texture": "#candle" },
				"west": { "uv": [ 8.5, 6, 9.5, 9 ], "texture": "#candle" },
				"east": { "uv": [ 8.5, 6, 9.5, 9 ], "texture": "#candle" }
			}
		},
		{
			"from": [ 9.5, 4.5, 10.5 ],
			"to": [ 10.5, 6.5, 10.501 ],
			"rotation": { "origin": [ 8, 0.25, 10.5 ], "axis": "y", "angle": -22.5 },
			"faces": {
				"north": { "uv": [ 9, 2, 7, 6 ], "texture": "#candle" },
				"south": { "uv": [ 7, 2, 9, 6 ], "texture": "#candle" }
			}
		},
		{
			"from": [ 10, 4.5, 10 ],
			"to": [ 10.001, 6.5, 11 ],
			"rotation": { "origin": [ 8, 0.25, 10.5 ], "axis": "y", "angle": -22.5 },
			"faces": {
				"west": { "uv": [ 9, 2, 7, 6 ], "texture": "#candle" },
				"east": { "uv": [ 7, 2, 9, 6 ], "texture": "#candle" }
			}
		},
		{
			"from": [ 13, 1.5, 10 ],
			"to": [ 14, 3.5, 11 ],
			"rotation": { "origin": [ 8, 0.25, 10.5 ], "axis": "y", "angle": -22.5 },
			"faces": {
				"up": { "uv": [ 7.5, 6, 8.5, 7 ], "texture": "#candle" },
				"north": { "uv": [ 7, 6, 8, 8 ], "texture": "#candle" },
				"south": { "uv": [ 7, 6, 8, 8 ], "texture": "#candle" },
				"west": { "uv": [ 8.5, 6, 9.5, 8 ], "texture": "#candle" },
				"east": { "uv": [ 8.5, 6, 9.5, 8 ], "texture": "#candle" }
			}
		},
		{
			"from": [ 13, 3.5, 10.5 ],
			"to": [ 14, 5.5, 10.501 ],
			"rotation": { "origin": [ 8, 0.25, 10.5 ], "axis": "y", "angle": -22.5 },
			"faces": {
				"north": { "uv": [ 7, 2, 9, 6 ], "texture": "#candle" },
				"south": { "uv": [ 9, 2, 7, 6 ], "texture": "#candle" }
			}
		},
		{
			"from": [ 13.5, 3.5, 10 ],
			"to": [ 13.501, 5.5, 11 ],
			"rotation": { "origin": [ 8, 0.25, 10.5 ], "axis": "y", "angle": -22.5 },
			"faces": {
				"west": { "uv": [ 9, 2, 7, 6 ], "texture": "#candle" },
				"east": { "uv": [ 7, 2, 9, 6 ], "texture": "#candle" }
			}
		}
	]
}