{
	"textures": {
		"particle": "block/candle_lit",
		"candle": "block/candle_lit",
		"holder": "block/candle_with_holder"
	},
	"elements": [ 	 
		{
			"from": [ 1, 0, 6.5 ],
			"to": [ 15, 0.5, 9.5 ],
			"rotation": { "origin": [ 8, 0.25, 8 ], "axis": "y", "angle": -45 },
			"faces": {
				"down": { "uv": [ 0, 0, 14, 3 ], "texture": "#holder" },
				"north": { "uv": [ 0, 0, 14, 0.5 ], "texture": "#holder" },
				"south": { "uv": [ 0, 2.5, 14, 3 ], "texture": "#holder" },
				"west": { "uv": [ 13.5, 0, 14, 3 ], "texture": "#holder", "rotation": 90 },
				"east": { "uv": [ 0, 0, 0.5, 3 ], "texture": "#holder", "rotation": 90 }
			}
		},
		{
			"from": [ -0.5, 0.5, 5.75 ],
			"to": [ 16.5, 0.501, 10.25 ],
			"rotation": { "origin": [ 8, 0.25, 8 ], "axis": "y", "angle": -45 },
			"faces": {
				"down": { "uv": [ 0, 3, 16, 7.5 ], "texture": "#holder" },
				"up": { "uv": [ 0, 3, 16, 7.5 ], "texture": "#holder" }
			}
		},
		{
			"from": [ 4.1109, 0.5, 2.8609 ],
			"to": [ 4.1119, 1.5, 5.3609 ],
			"faces": {
				"west": { "uv": [ 0, 10.5, 2.5, 11.5 ], "texture": "#holder" },
				"east": { "uv": [ 0, 10.5, 2.5, 11.5 ], "texture": "#holder" }
			}
		},
		{
			"from": [ 2.8609, 0.5, 4.1109 ],
			"to": [ 5.3609, 1.5, 4.1119 ],
			"faces": {
				"north": { "uv": [ 2.5, 10.5, 5, 11.5 ], "texture": "#holder" },
				"south": { "uv": [ 2.5, 10.5, 5, 11.5 ], "texture": "#holder" }
			}
		},
		{
			"from": [ 6.5858, 0.5, 5.3358 ],
			"to": [ 6.5868, 1.5, 7.8358 ],
			"faces": {
				"west": { "uv": [ 2.5, 10.5, 5, 11.5 ], "texture": "#holder" },
				"east": { "uv": [ 2.5, 10.5, 5, 11.5 ], "texture": "#holder" }
			}
		},
		{
			"from": [ 5.3358, 0.5, 6.5858 ],
			"to": [ 7.8358, 1.5, 6.5868 ],
			"faces": {
				"north": { "uv": [ 0, 10.5, 2.5, 11.5 ], "texture": "#holder" },
				"south": { "uv": [ 0, 10.5, 2.5, 11.5 ], "texture": "#holder" }
			}
		},
		{
			"from": [ 9.4142, 0.5, 8.1642 ],
			"to": [ 9.4152, 1.5, 10.6642 ],
			"faces": {
				"west": { "uv": [ 5, 10.5, 7.5, 11.5 ], "texture": "#holder" },
				"east": { "uv": [ 5, 10.5, 7.5, 11.5 ], "texture": "#holder" }
			}
		},
		{
			"from": [ 8.1642, 0.5, 9.4142 ],
			"to": [ 10.6642, 1.5, 9.4152 ],
			"faces": {
				"north": { "uv": [ 7.5, 10.5, 10, 11.5 ], "texture": "#holder" },
				"south": { "uv": [ 7.5, 10.5, 10, 11.5 ], "texture": "#holder" }
			}
		},
		{
			"from": [ 11.8891, 0.5, 10.6391 ],
			"to": [ 11.8901, 1.5, 13.1391 ],
			"faces": {
				"west": { "uv": [ 7.5, 10.5, 10, 11.5 ], "texture": "#holder" },
				"east": { "uv": [ 7.5, 10.5, 10, 11.5 ], "texture": "#holder" }
			}
		},
		{
			"from": [ 10.6391, 0.5, 11.8891 ],
			"to": [ 13.1391, 1.5, 11.8901 ],
			"faces": {
				"north": { "uv": [ 5, 10.5, 7.5, 11.5 ], "texture": "#holder" },
				"south": { "uv": [ 5, 10.5, 7.5, 11.5 ], "texture": "#holder" }
			}
		},
		{
			"from": [ 0.5, 1.5, 6.5 ],
			"to": [ 15.5, 1.501, 9.5 ],
			"rotation": { "origin": [ 8, 0.25, 8 ], "axis": "y", "angle": -45 },
			"faces": {
				"down": { "uv": [ 0, 7.5, 15, 10.5 ], "texture": "#holder" },
				"up": { "uv": [ 0, 7.5, 15, 10.5 ], "texture": "#holder" }
			}
		},
		{
			"from": [ 2, 1.5, 7.5 ],
			"to": [ 3, 4, 8.5 ],
			"rotation": { "origin": [ 8, 0.25, 8 ], "axis": "y", "angle": -45 },
			"faces": {
				"up": { "uv": [ 7.5, 6, 8.5, 7 ], "texture": "#candle" },
				"north": { "uv": [ 7, 6, 8, 8.5 ], "texture": "#candle" },
				"south": { "uv": [ 7, 6, 8, 8.5 ], "texture": "#candle" },
				"west": { "uv": [ 8.5, 6, 9.5, 8.5 ], "texture": "#candle" },
				"east": { "uv": [ 8.5, 6, 9.5, 8.5 ], "texture": "#candle" }
			}
		},
		{
			"from": [ 2, 4, 8 ],
			"to": [ 3, 6, 8.001 ],
			"rotation": { "origin": [ 8, 0.25, 8 ], "axis": "y", "angle": -45 },
			"faces": {
				"north": { "uv": [ 7, 2, 9, 6 ], "texture": "#candle" },
				"south": { "uv": [ 9, 2, 7, 6 ], "texture": "#candle" }
			}
		},
		{
			"from": [ 2.5, 4, 7.5 ],
			"to": [ 2.501, 6, 8.5 ],
			"rotation": { "origin": [ 8, 0.25, 8 ], "axis": "y", "angle": -45 },
			"faces": {
				"west": { "uv": [ 9, 2, 7, 6 ], "texture": "#candle" },
				"east": { "uv": [ 7, 2, 9, 6 ], "texture": "#candle" }
			}
		},
		{
			"from": [ 5.5, 1.5, 7.5 ],
			"to": [ 6.5, 5.5, 8.5 ],
			"rotation": { "origin": [ 8, 0.25, 8 ], "axis": "y", "angle": -45 },
			"faces": {
				"up": { "uv": [ 7.5, 6, 8.5, 7 ], "texture": "#candle" },
				"north": { "uv": [ 7, 6, 8, 10 ], "texture": "#candle" },
				"south": { "uv": [ 7, 6, 8, 10 ], "texture": "#candle" },
				"west": { "uv": [ 8.5, 6, 9.5, 10 ], "texture": "#candle" },
				"east": { "uv": [ 8.5, 6, 9.5, 10 ], "texture": "#candle" }
			}
		},
		{
			"from": [ 5.5, 5.5, 8 ],
			"to": [ 6.5, 7.5, 8.001 ],
			"rotation": { "origin": [ 8, 0.25, 8 ], "axis": "y", "angle": -45 },
			"faces": {
				"north": { "uv": [ 9, 2, 7, 6 ], "texture": "#candle" },
				"south": { "uv": [ 7, 2, 9, 6 ], "texture": "#candle" }
			}
		},
		{
			"from": [ 6, 5.5, 7.5 ],
			"to": [ 6.001, 7.5, 8.5 ],
			"rotation": { "origin": [ 8, 0.25, 8 ], "axis": "y", "angle": -45 },
			"faces": {
				"west": { "uv": [ 7, 2, 9, 6 ], "texture": "#candle" },
				"east": { "uv": [ 9, 2, 7, 6 ], "texture": "#candle" }
			}
		},
		{
			"from": [ 9.5, 1.5, 7.5 ],
			"to": [ 10.5, 4.5, 8.5 ],
			"rotation": { "origin": [ 8, 0.25, 8 ], "axis": "y", "angle": -45 },
			"faces": {
				"up": { "uv": [ 7.5, 6, 8.5, 7 ], "texture": "#candle" },
				"north": { "uv": [ 7, 6, 8, 9 ], "texture": "#candle" },
				"south": { "uv": [ 7, 6, 8, 9 ], "texture": "#candle" },
				"west": { "uv": [ 8.5, 6, 9.5, 9 ], "texture": "#candle" },
				"east": { "uv": [ 8.5, 6, 9.5, 9 ], "texture": "#candle" }
			}
		},
		{
			"from": [ 9.5, 4.5, 8 ],
			"to": [ 10.5, 6.5, 8.001 ],
			"rotation": { "origin": [ 8, 0.25, 8 ], "axis": "y", "angle": -45 },
			"faces": {
				"north": { "uv": [ 9, 2, 7, 6 ], "texture": "#candle" },
				"south": { "uv": [ 7, 2, 9, 6 ], "texture": "#candle" }
			}
		},
		{
			"from": [ 10, 4.5, 7.5 ],
			"to": [ 10.001, 6.5, 8.5 ],
			"rotation": { "origin": [ 8, 0.25, 8 ], "axis": "y", "angle": -45 },
			"faces": {
				"west": { "uv": [ 9, 2, 7, 6 ], "texture": "#candle" },
				"east": { "uv": [ 7, 2, 9, 6 ], "texture": "#candle" }
			}
		},
		{
			"from": [ 13, 1.5, 7.5 ],
			"to": [ 14, 3.5, 8.5 ],
			"rotation": { "origin": [ 8, 0.25, 8 ], "axis": "y", "angle": -45 },
			"faces": {
				"up": { "uv": [ 7.5, 6, 8.5, 7 ], "texture": "#candle" },
				"north": { "uv": [ 7, 6, 8, 8 ], "texture": "#candle" },
				"south": { "uv": [ 7, 6, 8, 8 ], "texture": "#candle" },
				"west": { "uv": [ 8.5, 6, 9.5, 8 ], "texture": "#candle" },
				"east": { "uv": [ 8.5, 6, 9.5, 8 ], "texture": "#candle" }
			}
		},
		{
			"from": [ 13, 3.5, 8 ],
			"to": [ 14, 5.5, 8.001 ],
			"rotation": { "origin": [ 8, 0.25, 8 ], "axis": "y", "angle": -45 },
			"faces": {
				"north": { "uv": [ 7, 2, 9, 6 ], "texture": "#candle" },
				"south": { "uv": [ 9, 2, 7, 6 ], "texture": "#candle" }
			}
		},
		{
			"from": [ 13.5, 3.5, 7.5 ],
			"to": [ 13.501, 5.5, 8.5 ],
			"rotation": { "origin": [ 8, 0.25, 8 ], "axis": "y", "angle": -45 },
			"faces": {
				"west": { "uv": [ 9, 2, 7, 6 ], "texture": "#candle" },
				"east": { "uv": [ 7, 2, 9, 6 ], "texture": "#candle" }
			}
		}
	]
}