{
	"credit": "Made with Blockbench",
	"texture_size": [64, 64],
	"textures": {
		"11": "block/lightning_rod_gargoyle",
		"particle": "block/lightning_rod_gargoyle"
	},
	"elements": [
		{
			"from": [11.93892, 6.49017, 12.89298],
			"to": [12.93892, 7.49017, 17.89298],
			"rotation": {"angle": -22.5, "axis": "x", "origin": [8, 5.05611, 7.55136]},
			"faces": {
				"north": {"uv": [4.75, 9.5, 5, 9.75], "texture": "#11"},
				"east": {"uv": [3.5, 9.5, 4.75, 9.75], "texture": "#11"},
				"south": {"uv": [6.25, 9.5, 6.5, 9.75], "texture": "#11"},
				"west": {"uv": [5, 9.5, 6.25, 9.75], "texture": "#11"},
				"up": {"uv": [5, 9.5, 4.75, 8.25], "texture": "#11"},
				"down": {"uv": [5.25, 8.25, 5, 9.5], "texture": "#11"}
			}
		},
		{
			"from": [5.99959, 4.66832, 4.3471],
			"to": [9.99959, 8.66832, 10.3471],
			"rotation": {"angle": -22.5, "axis": "x", "origin": [8, 5.05611, 7.55136]},
			"faces": {
				"north": {"uv": [4.5, 4.5, 5.5, 5.5], "texture": "#11"},
				"east": {"uv": [3, 4.5, 4.5, 5.5], "texture": "#11"},
				"south": {"uv": [7, 4.5, 8, 5.5], "texture": "#11"},
				"west": {"uv": [5.5, 4.5, 7, 5.5], "texture": "#11"},
				"up": {"uv": [5.5, 4.5, 4.5, 3], "texture": "#11"},
				"down": {"uv": [6.5, 3, 5.5, 4.5], "texture": "#11"}
			}
		},
		{
			"from": [4.89801, 7.9642, 8.57535],
			"to": [6.39801, 9.9642, 13.57535],
			"rotation": {"angle": -22.5, "axis": "y", "origin": [8, 5.05611, 7.55136]},
			"faces": {
				"north": {"uv": [8.75, 5.5, 9, 6], "texture": "#11"},
				"east": {"uv": [7.5, 5.5, 8.75, 6], "texture": "#11"},
				"south": {"uv": [10.25, 5.5, 10.5, 6], "texture": "#11"},
				"west": {"uv": [9, 5.5, 10.25, 6], "texture": "#11"},
				"up": {"uv": [9, 5.5, 8.75, 4.25], "texture": "#11"},
				"down": {"uv": [9.25, 4.25, 9, 5.5], "texture": "#11"}
			}
		},
		{
			"from": [3.07589, 6.49017, 12.89298],
			"to": [4.07589, 7.49017, 17.89298],
			"shade": false,
			"rotation": {"angle": -22.5, "axis": "x", "origin": [8, 5.05611, 7.55136]},
			"faces": {
				"north": {"uv": [5, 9.5, 4.75, 9.75], "texture": "#11"},
				"east": {"uv": [6.25, 9.5, 5, 9.75], "texture": "#11"},
				"south": {"uv": [6.5, 9.5, 6.25, 9.75], "texture": "#11"},
				"west": {"uv": [4.75, 9.5, 3.5, 9.75], "texture": "#11"},
				"up": {"uv": [4.75, 9.5, 5, 8.25], "texture": "#11"},
				"down": {"uv": [5, 8.25, 5.25, 9.5], "texture": "#11"}
			}
		},
		{
			"from": [5.49959, 2.79897, 5.05387],
			"to": [10.49959, 5.79897, 10.05387],
			"rotation": {"angle": -45, "axis": "x", "origin": [8, 5.05611, 7.55136]},
			"faces": {
				"north": {"uv": [4.5, 1.25, 5.75, 2], "texture": "#11"},
				"east": {"uv": [3.25, 1.25, 4.5, 2], "texture": "#11"},
				"south": {"uv": [7, 1.25, 8.25, 2], "texture": "#11"},
				"west": {"uv": [5.75, 1.25, 7, 2], "texture": "#11"},
				"up": {"uv": [5.75, 1.25, 4.5, 0], "texture": "#11"},
				"down": {"uv": [7, 0, 5.75, 1.25], "texture": "#11"}
			}
		},
		{
			"from": [4.99959, 7.16832, 5.37835],
			"to": [6.99959, 9.16832, 10.37835],
			"rotation": {"angle": -22.5, "axis": "x", "origin": [8, 5.05611, 7.55136]},
			"faces": {
				"north": {"uv": [1.25, 9.25, 1.75, 9.75], "texture": "#11"},
				"east": {"uv": [0, 9.25, 1.25, 9.75], "texture": "#11"},
				"south": {"uv": [3, 9.25, 3.5, 9.75], "texture": "#11"},
				"west": {"uv": [1.75, 9.25, 3, 9.75], "texture": "#11"},
				"up": {"uv": [1.75, 9.25, 1.25, 8], "texture": "#11"},
				"down": {"uv": [2.25, 8, 1.75, 9.25], "texture": "#11"}
			}
		},
		{
			"from": [6.99959, -0.88565, 6.43162],
			"to": [8.99959, 3.11435, 7.43162],
			"rotation": {"angle": 22.5, "axis": "x", "origin": [8, 5.05611, 7.55136]},
			"faces": {
				"east": {"uv": [5.25, 8.5, 5.5, 9.5], "texture": "#11"},
				"west": {"uv": [6, 8.5, 6.25, 9.5], "texture": "#11"},
				"down": {"uv": [6.5, 8.25, 6, 8.5], "texture": "#11"}
			}
		},
		{
			"from": [7.49959, 2.47034, 0.83939],
			"to": [8.49959, 3.47034, 1.83939],
			"rotation": {"angle": -45, "axis": "x", "origin": [8, 5.05611, 7.55136]},
			"faces": {
				"north": {"uv": [1.5, 2, 1.75, 2.25], "texture": "#11"},
				"east": {"uv": [1.25, 2, 1.5, 2.25], "texture": "#11"},
				"west": {"uv": [1.75, 2, 2, 2.25], "texture": "#11"}
			}
		},
		{
			"from": [6.99959, 3.94192, 1.09106],
			"to": [8.99959, 4.94192, 5.09106],
			"rotation": {"angle": -22.5, "axis": "x", "origin": [8, 5.05611, 7.55136]},
			"faces": {
				"north": {"uv": [1, 5.25, 1.5, 5.5], "texture": "#11"},
				"east": {"uv": [0, 5.25, 1, 5.5], "texture": "#11"},
				"south": {"uv": [2.5, 5.25, 3, 5.5], "texture": "#11"},
				"west": {"uv": [1.5, 5.25, 2.5, 5.5], "texture": "#11"}
			}
		},
		{
			"from": [7.49728, 1.55448, 1.0092],
			"to": [8.49728, 2.55448, 2.0092],
			"rotation": {"angle": 0, "axis": "x", "origin": [8, 5.05611, 7.55136]},
			"faces": {
				"north": {"uv": [1.5, 2, 1.75, 2.25], "texture": "#11"},
				"east": {"uv": [1.25, 2, 1.5, 2.25], "texture": "#11"},
				"west": {"uv": [1.75, 2, 2, 2.25], "texture": "#11"}
			}
		},
		{
			"name": "cube inverted",
			"from": [8.99959, 9.66365, 4.58647],
			"to": [6.99959, 5.66365, 3.58647],
			"rotation": {"angle": 22.5, "axis": "x", "origin": [-8, 1.4932, -10.27151]},
			"faces": {
				"east": {"uv": [6, 9.5, 6.25, 8.5], "texture": "#11"},
				"west": {"uv": [5.25, 9.5, 5.5, 8.5], "texture": "#11"},
				"up": {"uv": [6, 8.25, 6.5, 8.5], "texture": "#11"}
			}
		},
		{
			"name": "cube inverted",
			"from": [8.49959, -4.24709, 13.41329],
			"to": [7.49959, -5.24709, 12.41329],
			"rotation": {"angle": -45, "axis": "x", "origin": [-8, -12.77354, 4.02254]},
			"faces": {
				"east": {"uv": [1.75, 2.25, 2, 2], "texture": "#11"},
				"south": {"uv": [1.5, 2.25, 1.75, 2], "texture": "#11"},
				"west": {"uv": [1.25, 2.25, 1.5, 2], "texture": "#11"}
			}
		},
		{
			"name": "cube inverted",
			"from": [8.99959, -0.06789, 10.11046],
			"to": [6.99959, -1.06789, 6.11046],
			"rotation": {"angle": -22.5, "axis": "x", "origin": [-8, -10.06592, -2.53195]},
			"faces": {
				"east": {"uv": [1.5, 5.5, 2.5, 5.25], "texture": "#11"},
				"south": {"uv": [1, 5.5, 1.5, 5.25], "texture": "#11"},
				"west": {"uv": [0, 5.5, 1, 5.25], "texture": "#11"}
			}
		},
		{
			"name": "cube inverted",
			"from": [8.49728, 2.55448, 2.0092],
			"to": [7.49728, 1.55448, 1.0092],
			"rotation": {"angle": 0, "axis": "x", "origin": [-8, -5.05611, -7.55136]},
			"faces": {
				"east": {"uv": [1.75, 2.25, 2, 2], "texture": "#11"},
				"south": {"uv": [1.5, 2.25, 1.75, 2], "texture": "#11"},
				"west": {"uv": [1.25, 2.25, 1.5, 2], "texture": "#11"}
			}
		},
		{
			"from": [6.49959, -0.96176, 7.41034],
			"to": [9.49959, 3.03824, 8.41034],
			"rotation": {"angle": 22.5, "axis": "x", "origin": [8, 5.05611, 7.55136]},
			"faces": {
				"north": {"uv": [0.25, 0.25, 1, 1.25], "texture": "#11"},
				"east": {"uv": [0, 0.25, 0.25, 1.25], "texture": "#11"},
				"south": {"uv": [1.25, 0.25, 2, 1.25], "texture": "#11"},
				"west": {"uv": [1, 0.25, 1.25, 1.25], "texture": "#11"},
				"down": {"uv": [1.75, 0, 1, 0.25], "texture": "#11"}
			}
		},
		{
			"from": [6.99959, -1.98362, 9.60983],
			"to": [8.99959, 0.01638, 10.60983],
			"rotation": {"angle": 45, "axis": "x", "origin": [8, 5.05611, 7.55136]},
			"faces": {
				"north": {"uv": [0.25, 1.5, 0.75, 2], "texture": "#11"},
				"east": {"uv": [0, 1.5, 0.25, 2], "texture": "#11"},
				"south": {"uv": [1, 1.5, 1.5, 2], "texture": "#11"},
				"west": {"uv": [0.75, 1.5, 1, 2], "texture": "#11"},
				"up": {"uv": [0.75, 1.5, 0.25, 1.25], "texture": "#11"},
				"down": {"uv": [1.25, 1.25, 0.75, 1.5], "texture": "#11"}
			}
		},
		{
			"from": [6.31209, 0.20671, 6.34544],
			"to": [9.68709, 5.70671, 7.34544],
			"rotation": {"angle": 45, "axis": "x", "origin": [7.99959, 1.20671, 6.34544]},
			"faces": {
				"north": {"uv": [0.25, 0.25, 1, 1.25], "texture": "#11"},
				"east": {"uv": [0, 0.25, 0.25, 1.25], "texture": "#11"},
				"south": {"uv": [1.25, 0.25, 2, 1.25], "texture": "#11"},
				"west": {"uv": [1, 0.25, 1.25, 1.25], "texture": "#11"},
				"up": {"uv": [3.25, 2.75, 4.09375, 3], "texture": "#11"},
				"down": {"uv": [1.75, 0, 1, 0.25], "texture": "#11"}
			}
		},
		{
			"from": [8.99959, 7.16832, 5.37835],
			"to": [10.99959, 9.16832, 10.37835],
			"shade": false,
			"rotation": {"angle": -22.5, "axis": "x", "origin": [8, 5.05611, 7.55136]},
			"faces": {
				"north": {"uv": [1.75, 9.25, 1.25, 9.75], "texture": "#11"},
				"east": {"uv": [3, 9.25, 1.75, 9.75], "texture": "#11"},
				"south": {"uv": [3.5, 9.25, 3, 9.75], "texture": "#11"},
				"west": {"uv": [1.25, 9.25, 0, 9.75], "texture": "#11"},
				"up": {"uv": [1.25, 9.25, 1.75, 8], "texture": "#11"},
				"down": {"uv": [1.75, 8, 2.25, 9.25], "texture": "#11"}
			}
		},
		{
			"from": [6.49959, 4.82893, 1.14477],
			"to": [9.49959, 7.32893, 5.14477],
			"rotation": {"angle": -22.5, "axis": "x", "origin": [8, 5.05611, 7.55136]},
			"faces": {
				"north": {"uv": [9.25, 1, 10, 1.5], "texture": "#11"},
				"east": {"uv": [8.25, 1, 9.25, 1.5], "texture": "#11"},
				"west": {"uv": [10, 1, 11, 1.5], "texture": "#11"},
				"up": {"uv": [10, 1, 9.25, 0], "texture": "#11"},
				"down": {"uv": [10.75, 0, 10, 1], "texture": "#11"}
			}
		},
		{
			"from": [6.99959, 6.49824, 3.59596],
			"to": [8.99959, 9.49824, 6.09596],
			"rotation": {"angle": -45, "axis": "x", "origin": [8, 5.05611, 7.55136]},
			"faces": {
				"north": {"uv": [8.5, 6.5, 9, 7.25], "texture": "#11"},
				"east": {"uv": [8, 6.5, 8.5, 7.25], "texture": "#11"},
				"west": {"uv": [9, 6.5, 9.5, 7.25], "texture": "#11"},
				"up": {"uv": [9, 6.5, 8.5, 6], "texture": "#11"}
			}
		},
		{
			"from": [6.93709, 2.39452, 0.43813],
			"to": [9.06209, 5.39452, 2.43813],
			"rotation": {"angle": 0, "axis": "x", "origin": [8, 5.05611, 7.55136]},
			"faces": {
				"north": {"uv": [2.75, 8.5, 3.25, 9.25], "texture": "#11"},
				"east": {"uv": [2.25, 8.5, 2.75, 9.25], "texture": "#11"},
				"west": {"uv": [3.25, 8.5, 3.75, 9.25], "texture": "#11"},
				"up": {"uv": [3.25, 8.5, 2.75, 8], "texture": "#11"},
				"down": {"uv": [3.75, 8, 3.25, 8.5], "texture": "#11"}
			}
		},
		{
			"from": [9.60123, 7.9642, 8.57504],
			"to": [11.10123, 9.9642, 13.57504],
			"shade": false,
			"rotation": {"angle": 22.5, "axis": "y", "origin": [8, 5.05611, 7.55136]},
			"faces": {
				"north": {"uv": [9, 5.5, 8.75, 6], "texture": "#11"},
				"east": {"uv": [10.25, 5.5, 9, 6], "texture": "#11"},
				"south": {"uv": [10.5, 5.5, 10.25, 6], "texture": "#11"},
				"west": {"uv": [8.75, 5.5, 7.5, 6], "texture": "#11"},
				"up": {"uv": [8.75, 5.5, 9, 4.25], "texture": "#11"},
				"down": {"uv": [9, 4.25, 9.25, 5.5], "texture": "#11"}
			}
		},
		{
			"from": [5.99959, 6.53824, 9.41034],
			"to": [9.99959, 11.53824, 14.41034],
			"rotation": {"angle": 22.5, "axis": "x", "origin": [8, 5.05611, 7.55136]},
			"faces": {
				"north": {"uv": [1.25, 6.75, 2.25, 8], "texture": "#11"},
				"east": {"uv": [0, 6.75, 1.25, 8], "texture": "#11"},
				"west": {"uv": [2.25, 6.75, 3.5, 8], "texture": "#11"},
				"up": {"uv": [2.25, 6.75, 1.25, 5.5], "texture": "#11"},
				"down": {"uv": [3.25, 5.5, 2.25, 6.75], "texture": "#11"}
			}
		},
		{
			"from": [5.49959, 2.90119, 14.38141],
			"to": [10.49959, 11.90119, 16.38141],
			"rotation": {"angle": 0, "axis": "x", "origin": [8, 5.05611, 7.55136]},
			"faces": {
				"north": {"uv": [5, 6, 6.25, 8.25], "texture": "#11"},
				"east": {"uv": [4.5, 6, 5, 8.25], "texture": "#11"},
				"south": {"uv": [6.75, 6, 8, 8.25], "texture": "#11"},
				"west": {"uv": [6.25, 6, 6.75, 8.25], "texture": "#11"},
				"up": {"uv": [6.25, 6, 5, 5.5], "texture": "#11"},
				"down": {"uv": [7.5, 5.5, 6.25, 6], "texture": "#11"}
			}
		},
		{
			"from": [6.99959, 1.66832, 5.37835],
			"to": [8.99959, 4.66832, 14.37835],
			"rotation": {"angle": -22.5, "axis": "x", "origin": [8, 5.05611, 7.55136]},
			"faces": {
				"east": {"uv": [0, 2.25, 2.25, 3], "texture": "#11"},
				"west": {"uv": [2.75, 2.25, 5, 3], "texture": "#11"},
				"down": {"uv": [3.25, 0, 2.75, 2.25], "texture": "#11"}
			}
		},
		{
			"from": [3.49959, 4.90119, 14.36578],
			"to": [12.49959, 9.90119, 16.36578],
			"rotation": {"angle": 0, "axis": "z", "origin": [7.99959, 7.40119, 15.38141]},
			"faces": {
				"north": {"uv": [0.5, 11.5, 2.75, 10.25], "texture": "#11"},
				"east": {"uv": [0, 10.25, 0.5, 11.5], "texture": "#11"},
				"south": {"uv": [3.25, 10.25, 5.5, 11.5], "texture": "#11"},
				"west": {"uv": [2.75, 10.25, 3.25, 11.5], "texture": "#11"},
				"up": {"uv": [2.75, 10.25, 0.5, 9.75], "texture": "#11"},
				"down": {"uv": [5, 9.75, 2.75, 10.25], "texture": "#11"}
			}
		},
		{
			"from": [7.99959, 6.66832, 9.37835],
			"to": [7.99959, 11.66832, 18.87835],
			"rotation": {"angle": -22.5, "axis": "x", "origin": [8, 5.05611, 7.55136]},
			"faces": {
				"east": {"uv": [0, 3, 2.25, 4.25], "texture": "#11"},
				"west": {"uv": [2.25, 3, 0, 4.25], "texture": "#11"}
			}
		},
		{
			"from": [6.42147, 4.69957, 9.87835],
			"to": [9.57772, 8.69957, 14.87835],
			"rotation": {"angle": -22.5, "axis": "x", "origin": [8, 5.05611, 7.55136]},
			"faces": {
				"north": {"uv": [7.75, 3.25, 8.5, 4.25], "texture": "#11"},
				"east": {"uv": [6.5, 3.25, 7.75, 4.25], "texture": "#11"},
				"south": {"uv": [9.75, 3.25, 10.5, 4.25], "texture": "#11"},
				"west": {"uv": [8.5, 3.25, 9.75, 4.25], "texture": "#11"},
				"up": {"uv": [8.5, 3.25, 7.75, 2], "texture": "#11"}
			}
		},
		{
			"from": [6.49959, 5.90119, 12.38141],
			"to": [9.49959, 10.90119, 16.38141],
			"rotation": {"angle": 0, "axis": "x", "origin": [8, 5.05611, 7.55136]},
			"faces": {
				"east": {"uv": [7, 8.25, 8, 9.5], "texture": "#11"},
				"west": {"uv": [8.75, 8.25, 9.75, 9.5], "texture": "#11"},
				"up": {"uv": [8.75, 8.25, 8, 7.25], "texture": "#11"}
			}
		},
		{
			"from": [3.71038, 6.60769, 14.35016],
			"to": [13.58538, 9.45144, 16.35016],
			"rotation": {"angle": 45, "axis": "z", "origin": [9.08538, 6.95144, 15.39703]},
			"faces": {
				"north": {"uv": [0.5, 10.25, 2.75, 10.75], "texture": "#11"},
				"east": {"uv": [0, 10.25, 0.5, 10.75], "texture": "#11"},
				"south": {"uv": [3.25, 10.25, 5.5, 10.75], "texture": "#11"},
				"west": {"uv": [2.75, 10.25, 3.25, 10.75], "texture": "#11"},
				"up": {"uv": [2.75, 10.25, 0.5, 9.75], "texture": "#11"},
				"down": {"uv": [5, 9.75, 2.75, 10.25], "texture": "#11"}
			}
		},
		{
			"from": [6.59179, 2.46693, 14.35016],
			"to": [9.43554, 12.34193, 16.35016],
			"rotation": {"angle": 45, "axis": "z", "origin": [8.01367, 7.40443, 15.38141]},
			"faces": {
				"north": {"uv": [0.5, 13.75, 1, 16], "texture": "#11"},
				"east": {"uv": [0, 13.75, 0.5, 16], "texture": "#11"},
				"south": {"uv": [1.5, 13.75, 2, 16], "texture": "#11"},
				"west": {"uv": [1, 13.75, 1.5, 16], "texture": "#11"},
				"up": {"uv": [1, 13.75, 0.5, 13.25], "texture": "#11"},
				"down": {"uv": [1.5, 13.25, 1, 13.75], "texture": "#11"}
			}
		}
	],
	"groups": [
		{
			"name": "head",
			"origin": [10, 10.28177, 9.70755],
			"color": 0,
			"children": [0, 1, 2, 3, 4,
				{
					"name": "group2",
					"origin": [-0.00231, -6.29741, -3.5834],
					"color": 0,
					"children": []
				}, 5,
				{
					"name": "group3",
					"origin": [5, 4.68717, 6.54539],
					"color": 0,
					"children": [
						{
							"name": "group",
							"origin": [8, 5.05611, 7.55136],
							"color": 0,
							"children": [6, 7, 8, 9, 10, 11, 12, 13]
						}
					]
				}, 14, 15, 16,
				{
					"name": "group4",
					"origin": [-0.00231, -0.99195, -4.08205],
					"color": 0,
					"children": []
				}, 17,
				{
					"name": "group",
					"origin": [0, -3.75523, -0.74475],
					"color": 0,
					"children": []
				}, 18, 19, 20, 21]
		},
		{
			"name": "bone",
			"origin": [0, 0, 0],
			"color": 0,
			"children": [22, 23, 24, 25, 26, 27, 28]
		}, 29, 30]
}