{
	"credit": "Made with Blockbench",
	"textures": {
		"particle": "block/amethyst_cluster_block",
		"texture": "block/amethyst_cluster_block"
	},
	"elements": [
		{
			"name": "Element",
			"from": [8.5, -0.25, 4.5],
			"to": [10.5, 4.25, 6.5],
			"rotation": {"angle": -45, "axis": "y", "origin": [8, 0.25, 4.5]},
			"faces": {
				"north": {"uv": [4.5, 8.5, 6.5, 13], "texture": "#texture"},
				"east": {"uv": [8.5, 8.5, 10.5, 13], "texture": "#texture"},
				"south": {"uv": [7.5, 8.5, 9.5, 13], "texture": "#texture"},
				"west": {"uv": [3.5, 8.5, 5.5, 13], "texture": "#texture"},
				"up": {"uv": [7.5, 3.5, 9.5, 5.5], "texture": "#texture"},
				"down": {"uv": [7.5, 8.5, 9.5, 10.5], "texture": "#texture", "cullface": "down"}
			}
		},
		{
			"name": "Element",
			"from": [7, 0, 7.5],
			"to": [9, 6.5, 9.5],
			"faces": {
				"north": {"uv": [6, 6.5, 8, 13], "texture": "#texture"},
				"east": {"uv": [5.5, 6.5, 7.5, 13], "texture": "#texture"},
				"south": {"uv": [9, 6.5, 11, 13], "texture": "#texture"},
				"west": {"uv": [6.5, 6.5, 8.5, 13], "texture": "#texture"},
				"up": {"uv": [6, 6.5, 8, 8.5], "texture": "#texture"},
				"down": {"uv": [6, 5.5, 8, 7.5], "texture": "#texture", "cullface": "down"}
			}
		},
		{
			"name": "Element",
			"from": [9, 0, 10],
			"to": [10, 3, 11],
			"rotation": {"angle": 22.5, "axis": "x", "origin": [8.5, 0, 9]},
			"faces": {
				"north": {"uv": [5, 10, 6, 13], "texture": "#texture"},
				"east": {"uv": [4, 10, 5, 13], "texture": "#texture"},
				"south": {"uv": [8, 10, 9, 13], "texture": "#texture"},
				"west": {"uv": [9, 10, 10, 13], "texture": "#texture"},
				"up": {"uv": [8, 9, 9, 10], "texture": "#texture"},
				"down": {"uv": [8, 4, 9, 5], "texture": "#texture", "cullface": "down"}
			}
		},
		{
			"name": "Element",
			"from": [5, 0, 12],
			"to": [5.5, 1, 12.5],
			"rotation": {"angle": -22.5, "axis": "y", "origin": [5.25, 1.25, 12.25]},
			"faces": {
				"north": {"uv": [9.5, 13.5, 10, 14.5], "texture": "#texture"},
				"east": {"uv": [4, 11, 4.5, 12], "texture": "#texture"},
				"south": {"uv": [4, 13.5, 4.5, 14.5], "texture": "#texture"},
				"west": {"uv": [11, 13.5, 11.5, 14.5], "texture": "#texture"},
				"up": {"uv": [4, 11, 4.5, 11.5], "texture": "#texture"},
				"down": {"uv": [4, 2.5, 4.5, 3], "texture": "#texture", "cullface": "down"}
			}
		},
		{
			"name": "Element",
			"from": [3.5, 0, 4.5],
			"to": [5.5, 4, 6.5],
			"rotation": {"angle": 22.5, "axis": "y", "origin": [5.5, 0, 3.5]},
			"faces": {
				"north": {"uv": [9.5, 9, 11.5, 13], "texture": "#texture"},
				"east": {"uv": [8.5, 9, 10.5, 13], "texture": "#texture"},
				"south": {"uv": [2.5, 9, 4.5, 13], "texture": "#texture"},
				"west": {"uv": [3.5, 9, 5.5, 13], "texture": "#texture"},
				"up": {"uv": [10.5, 3, 12.5, 5], "texture": "#texture"},
				"down": {"uv": [2.5, 8.5, 4.5, 10.5], "texture": "#texture", "cullface": "down"}
			}
		},
		{
			"name": "Element",
			"from": [4, -1, 9],
			"to": [5, 1.5, 10],
			"rotation": {"angle": 22.5, "axis": "z", "origin": [3.5, -0.5, 8]},
			"faces": {
				"north": {"uv": [10, 10.5, 11, 13], "texture": "#texture"},
				"east": {"uv": [5, 10.5, 6, 13], "texture": "#texture"},
				"south": {"uv": [3, 10.5, 4, 13], "texture": "#texture"},
				"west": {"uv": [8, 10.5, 9, 13], "texture": "#texture"},
				"up": {"uv": [3, 8, 4, 9], "texture": "#texture"},
				"down": {"uv": [3, 5, 4, 6], "texture": "#texture", "cullface": "down"}
			}
		},
		{
			"name": "Element",
			"from": [8, -1, 2.5],
			"to": [9, 1, 3.5],
			"rotation": {"angle": -22.5, "axis": "x", "origin": [7.5, -0.5, 1.5]},
			"faces": {
				"north": {"uv": [6, 11, 7, 13], "texture": "#texture"},
				"east": {"uv": [11.5, 11, 12.5, 13], "texture": "#texture"},
				"south": {"uv": [7, 11, 8, 13], "texture": "#texture"},
				"west": {"uv": [1.5, 11, 2.5, 13], "texture": "#texture"},
				"up": {"uv": [7, 1.5, 8, 2.5], "texture": "#texture"},
				"down": {"uv": [7, 11.5, 8, 12.5], "texture": "#texture", "cullface": "down"}
			}
		},
		{
			"name": "Element",
			"from": [10.5, 0.25, 8],
			"to": [14, 1.25, 9],
			"rotation": {"angle": 22.5, "axis": "z", "origin": [14.25, 1.75, 6.5]},
			"faces": {
				"north": {"uv": [1, 10.5, 2, 14], "rotation": 270, "texture": "#texture"},
				"east": {"uv": [6, 12.75, 7, 13.75], "rotation": 270, "texture": "#texture"},
				"south": {"uv": [9.5, 10.5, 10.5, 14], "rotation": 90, "texture": "#texture"},
				"west": {"uv": [7, 12.75, 8, 13.75], "rotation": 270, "texture": "#texture", "cullface": "down"},
				"up": {"uv": [9.45669, 7, 10.45669, 10.5], "rotation": 90, "texture": "#texture"},
				"down": {"uv": [9.45669, 6, 12.95669, 7], "texture": "#texture"}
			}
		},
		{
			"name": "Element",
			"from": [10.5, 0, 5],
			"to": [12.5, 2, 7],
			"faces": {
				"north": {"uv": [2.5, 11, 4.5, 13], "texture": "#texture"},
				"east": {"uv": [8, 11, 10, 13], "texture": "#texture"},
				"south": {"uv": [9.5, 11, 11.5, 13], "texture": "#texture"},
				"west": {"uv": [4, 11, 6, 13], "texture": "#texture"},
				"up": {"uv": [9.5, 4, 11.5, 6], "texture": "#texture"},
				"down": {"uv": [9.5, 8, 11.5, 10], "texture": "#texture", "cullface": "down"}
			}
		}
	]
}