{
	"credit": "Made with Blockbench",
	"ambientocclusion": false,
	"texture_size": [32, 32],
	"textures": {
		"2": "block/melon_stem_connected",
		"particle": "block/melon_stem_connected"
	},
	"elements": [
		{
			"from": [-11.75, -7.5, 6],
			"to": [19, -7.5, 16.75],
			"rotation": {"angle": -22.5, "axis": "x", "origin": [11, 0.5, -7.25]},
			"faces": {
				"up": {"uv": [0, 0, 15.375, 5.375], "rotation": 180, "texture": "#2"},
				"down": {"uv": [0, 0, 15.375, 5.375], "texture": "#2"}
			}
		},
		{
			"from": [-8.25, 0.75, 1.5],
			"to": [23.75, 0.75, 20],
			"rotation": {"angle": 22.5, "axis": "x", "origin": [15.75, 8.75, 9.5]},
			"faces": {
				"up": {"uv": [0, 0, 16, 9.25], "texture": "#2"},
				"down": {"uv": [0, 0, 16, 9.25], "rotation": 180, "texture": "#2"}
			}
		},
		{
			"from": [3, -1.75, -8.25],
			"to": [16.5, -1.75, 23.75],
			"rotation": {"angle": 22.5, "axis": "z", "origin": [8.5, 6.25, 15.75]},
			"faces": {
				"up": {"uv": [0, 0, 16, 6.75], "rotation": 90, "texture": "#2"},
				"down": {"uv": [0, 0, 16, 6.75], "rotation": 90, "texture": "#2"}
			}
		},
		{
			"from": [1.25, 3.5, -9.25],
			"to": [21, 3.5, 22],
			"rotation": {"angle": -22.5, "axis": "z", "origin": [3.75, 12, 5.75]},
			"faces": {
				"up": {"uv": [0, 0, 15.625, 9.875], "rotation": 270, "texture": "#2"},
				"down": {"uv": [0, 0, 15.625, 9.875], "rotation": 270, "texture": "#2"}
			}
		},
		{
			"from": [7.25, -2.75, -4.75],
			"to": [7.25, 1.25, 27.25],
			"rotation": {"angle": 22.5, "axis": "y", "origin": [-0.75, -1, 3.25]},
			"faces": {
				"east": {"uv": [0, 11, 16, 13], "texture": "#2"},
				"west": {"uv": [0, 11, 16, 13], "texture": "#2"}
			}
		},
		{
			"from": [15.5, -3, -9],
			"to": [15.5, 1.25, 23],
			"rotation": {"angle": -45, "axis": "y", "origin": [7.5, -1, -1]},
			"faces": {
				"east": {"uv": [0, 11, 16, 13.125], "texture": "#2"},
				"west": {"uv": [0, 11, 16, 13.125], "texture": "#2"}
			}
		}
	]
}