{
	"credit": "Made with Blockbench",
	"ambientocclusion": false,
	"texture_size": [32, 32],
	"textures": {
		"2": "block/melon_stem_connected",
		"particle": "block/melon_stem_connected"
	},
	"elements": [
		{
			"from": [-10.75, 1.5, -3.75],
			"to": [5.25, 1.5, 28.25],
			"rotation": {"angle": -22.5, "axis": "x", "origin": [13.25, 9.5, 4.25]},
			"faces": {
				"up": {"uv": [8, 0, 0, 16], "rotation": 180, "texture": "#2"},
				"down": {"uv": [0, 0, 8, 16], "texture": "#2"}
			}
		},
		{
			"from": [5.25, 1.5625, -3.75],
			"to": [21.25, 1.5625, 28.25],
			"rotation": {"angle": -22.5, "axis": "x", "origin": [29.25, 9.5625, 4.25]},
			"faces": {
				"up": {"uv": [16, 0, 8, 16], "rotation": 180, "texture": "#2"},
				"down": {"uv": [8, 0, 16, 16], "texture": "#2"}
			}
		},
		{
			"from": [-10.75, 9.75, -12.75],
			"to": [5.25, 9.75, 19.25],
			"rotation": {"angle": 22.5, "axis": "x", "origin": [13.25, 17.75, -4.75]},
			"faces": {
				"up": {"uv": [0, 0, 8, 16], "texture": "#2"},
				"down": {"uv": [0, 16, 8, 0], "texture": "#2"}
			}
		},
		{
			"from": [5.25, 9.95313, -12.75],
			"to": [21.25, 9.95313, 19.25],
			"rotation": {"angle": 22.5, "axis": "x", "origin": [29.25, 17.95313, -4.75]},
			"faces": {
				"up": {"uv": [8, 0, 16, 16], "texture": "#2"},
				"down": {"uv": [8, 16, 16, 0], "texture": "#2"}
			}
		},
		{
			"from": [-10.75, 7.25, -9.75],
			"to": [21.25, 7.25, 6.25],
			"rotation": {"angle": 22.5, "axis": "z", "origin": [13.25, 15.25, 14.25]},
			"faces": {
				"up": {"uv": [0, 0, 8, 16], "rotation": 90, "texture": "#2"},
				"down": {"uv": [8, 0, 0, 16], "rotation": 90, "texture": "#2"}
			}
		},
		{
			"from": [-10.75, 7.3125, 6.25],
			"to": [21.25, 7.3125, 22.25],
			"rotation": {"angle": 22.5, "axis": "z", "origin": [13.25, 15.3125, 30.25]},
			"faces": {
				"up": {"uv": [8, 0, 16, 16], "rotation": 90, "texture": "#2"},
				"down": {"uv": [16, 0, 8, 16], "rotation": 90, "texture": "#2"}
			}
		},
		{
			"from": [-5.25, 15.75, 10],
			"to": [20.75, 15.75, 26],
			"rotation": {"angle": -22.5, "axis": "z", "origin": [-2.75, 24.25, 25]},
			"faces": {
				"up": {"uv": [0, 0, 8, 13], "rotation": 270, "texture": "#2"},
				"down": {"uv": [8, 0, 0, 13], "rotation": 270, "texture": "#2"}
			}
		},
		{
			"from": [-5.25, 15.79688, -6],
			"to": [20.75, 15.79688, 10],
			"rotation": {"angle": -22.5, "axis": "z", "origin": [-2.75, 24.29688, 9]},
			"faces": {
				"up": {"uv": [8, 0, 16, 13], "rotation": 270, "texture": "#2"},
				"down": {"uv": [16, 0, 8, 13], "rotation": 270, "texture": "#2"}
			}
		},
		{
			"from": [7.25, 0, -4.75],
			"to": [7.25, 10.25, 27.25],
			"rotation": {"angle": 22.5, "axis": "y", "origin": [-0.75, 8, 3.25]},
			"faces": {
				"east": {"uv": [16, 11, 0, 16], "texture": "#2"},
				"west": {"uv": [0, 11, 16, 16], "texture": "#2"}
			}
		},
		{
			"from": [15.5, 0, -9],
			"to": [15.5, 10.25, 23],
			"rotation": {"angle": -45, "axis": "y", "origin": [7.5, 8, -1]},
			"faces": {
				"east": {"uv": [16, 11, 0, 16], "texture": "#2"},
				"west": {"uv": [0, 11, 16, 16], "texture": "#2"}
			}
		}
	]
}