{
	"credit": "Made with Blockbench",
	"ambientocclusion": false,
	"texture_size": [32, 32],
	"textures": {
		"2": "block/melon_stem_connected",
		"particle": "block/melon_stem_connected"
	},
	"elements": [
		{
			"from": [-12.25, -1.75, -4.5],
			"to": [19.75, -1.75, 23.25],
			"rotation": {"angle": -22.5, "axis": "x", "origin": [11.75, 6.25, -0.75]},
			"faces": {
				"up": {"uv": [0, 0, 16, 13.875], "rotation": 180, "texture": "#2"},
				"down": {"uv": [0, 0, 16, 13.875], "texture": "#2"}
			}
		},
		{
			"from": [-12.25, 6.5, -6.5],
			"to": [19.75, 6.5, 22.5],
			"rotation": {"angle": 22.5, "axis": "x", "origin": [11.75, 14.5, 1.5]},
			"faces": {
				"up": {"uv": [0, 0, 16, 14.5], "texture": "#2"},
				"down": {"uv": [0, 0, 16, 14.5], "rotation": 180, "texture": "#2"}
			}
		},
		{
			"from": [-8, 4, -9.75],
			"to": [18.5, 4, 22.25],
			"rotation": {"angle": 22.5, "axis": "z", "origin": [10.5, 12, 14.25]},
			"faces": {
				"up": {"uv": [0, 0, 16, 13.25], "rotation": 90, "texture": "#2"},
				"down": {"uv": [0, 0, 16, 16], "rotation": 90, "texture": "#2"}
			}
		},
		{
			"from": [-3, 10.25, -6],
			"to": [23, 10.25, 25.25],
			"rotation": {"angle": -22.5, "axis": "z", "origin": [-0.5, 18.75, 9]},
			"faces": {
				"up": {"uv": [0, 0, 15.75, 13], "rotation": 270, "texture": "#2"},
				"down": {"uv": [2, 0, 14.5, 9.25], "rotation": 270, "texture": "#2"}
			}
		},
		{
			"from": [7.25, -3.25, -4.75],
			"to": [7.25, 7, 27.25],
			"rotation": {"angle": 22.5, "axis": "y", "origin": [-0.75, 4.75, 3.25]},
			"faces": {
				"east": {"uv": [16, 11, 0, 16], "texture": "#2"},
				"west": {"uv": [0, 11, 16, 16], "texture": "#2"}
			}
		},
		{
			"from": [15.5, -3.25, -9],
			"to": [15.5, 7, 23],
			"rotation": {"angle": -45, "axis": "y", "origin": [7.5, 4.75, -1]},
			"faces": {
				"east": {"uv": [16, 11, 0, 16], "texture": "#2"},
				"west": {"uv": [0, 11, 16, 16], "texture": "#2"}
			}
		}
	]
}