{
	"__comment": "Conquest Reforged",
	"textures": {
		"particle": "block/oak_planks",
		"texture": "block/oak_planks"
	},
	"elements": [ 	 
		{
			"__comment": "Box1",
			"from": [ 5.9999, 0, 0 ],
			"to": [ 9.9999, 16, 2 ],
			"faces": {
				"down": { "uv": [ 5.999907, 14.00002, 9.999907, 16 ], "texture": "#texture" },
				"up": { "uv": [ 5.999907, 0, 9.999907, 1.999979 ], "texture": "#texture" },
				"north": { "uv": [ 6.000093, 0, 10.00009, 16 ], "texture": "#texture" },
				"south": { "uv": [ 5.999907, 0, 9.999907, 16 ], "texture": "#texture" },
				"west": { "uv": [ 0, 0, 1.999979, 16 ], "texture": "#texture" },
				"east": { "uv": [ 14.00002, 0, 16, 16 ], "texture": "#texture" }
			}
		},
		{
			"__comment": "Box1",
			"from": [ 6.9999, 12, 1 ],
			"to": [ 8.9999, 14, 8 ],
			"faces": {
				"down": { "uv": [ 6.9999, 8, 8.9999, 15 ], "texture": "#texture" },
				"up": { "uv": [ 6.9999, 1, 8.9999, 8 ], "texture": "#texture" },
				"west": { "uv": [ 1, 2, 8, 4 ], "texture": "#texture" },
				"east": { "uv": [ 8, 2, 15, 4 ], "texture": "#texture" }
			}
		},
		{
			"__comment": "Box1",
			"from": [ 6.9999, 7, 1 ],
			"to": [ 8.9999, 9, 8 ],
			"faces": {
				"down": { "uv": [ 6.9999, 8, 8.9999, 15 ], "texture": "#texture" },
				"up": { "uv": [ 6.9999, 1, 8.9999, 8 ], "texture": "#texture" },
				"west": { "uv": [ 1, 7, 8, 9 ], "texture": "#texture" },
				"east": { "uv": [ 8, 7, 15, 9 ], "texture": "#texture" }
			}
		},
		{
			"__comment": "Box1",
			"from": [ 6.9999, 2, 1 ],
			"to": [ 8.9999, 4, 8 ],
			"faces": {
				"down": { "uv": [ 6.9999, 8, 8.9999, 15 ], "texture": "#texture" },
				"up": { "uv": [ 6.9999, 1, 8.9999, 8 ], "texture": "#texture" },
				"west": { "uv": [ 1, 12, 8, 14 ], "texture": "#texture" },
				"east": { "uv": [ 8, 12, 15, 14 ], "texture": "#texture" }
			}
		}
	]
}