{
	"parent": "block/block",
	"textures": {
		"particle": "block/arabic_candle_lit",
		"side": "block/arabic_candle_lit",
		"top": "block/arabic_candle_top"
	},
	"elements": [ 	 
		{
			"__comment": "Element",
			"from": [ 6.5502, 2.5, 4.5 ],
			"to": [ 9.449699, 3.5, 11.5 ],
			"faces": {
				"down": { "uv": [ 13, 9, 16, 16 ], "texture": "#side" },
				"up": { "uv": [ 13, 9, 16, 16 ], "texture": "#side" },
				"north": { "uv": [ 7, 12.5, 10, 13.5 ], "texture": "#side" },
				"south": { "uv": [ 7, 12.5, 10, 13.5 ], "texture": "#side" }
			}
		},
		{
			"__comment": "Element",
			"from": [ 4.5, 2.5, 6.5502 ],
			"to": [ 11.5, 3.5, 9.449699 ],
			"rotation": { "origin": [ 8, 3.5, 8 ], "axis": "y", "angle": 45 },
			"faces": {
				"down": { "uv": [ 13, 9, 16, 16 ], "texture": "#side", "rotation": 270 },
				"up": { "uv": [ 13, 9, 16, 16 ], "texture": "#side", "rotation": 90 },
				"west": { "uv": [ 4.5, 12.5, 7.5, 13.5 ], "texture": "#side" },
				"east": { "uv": [ 4.5, 12.5, 7.5, 13.5 ], "texture": "#side" }
			}
		},
		{
			"__comment": "Element",
			"from": [ 4.5, 2.5, 6.5502 ],
			"to": [ 11.5, 3.5, 9.449699 ],
			"faces": {
				"down": { "uv": [ 13, 9, 16, 16 ], "texture": "#side", "rotation": 270 },
				"up": { "uv": [ 13, 9, 16, 16 ], "texture": "#side", "rotation": 90 },
				"west": { "uv": [ 6.5, 12.5, 9.5, 13.5 ], "texture": "#side" },
				"east": { "uv": [ 6.5, 12.5, 9.5, 13.5 ], "texture": "#side" }
			}
		},
		{
			"__comment": "Element",
			"from": [ 4.5, 2.5, 6.5502 ],
			"to": [ 11.5, 3.5, 9.449699 ],
			"rotation": { "origin": [ 8, 3.5, 8 ], "axis": "y", "angle": -45 },
			"faces": {
				"down": { "uv": [ 13, 9, 16, 16 ], "texture": "#side", "rotation": 270 },
				"up": { "uv": [ 13, 9, 16, 16 ], "texture": "#side", "rotation": 90 },
				"west": { "uv": [ 8.5, 12.5, 11.5, 13.5 ], "texture": "#side" },
				"east": { "uv": [ 8.5, 12.5, 11.5, 13.5 ], "texture": "#side" }
			}
		},
		{
			"__comment": "Element",
			"from": [ 6.7574, 1.5, 5 ],
			"to": [ 9.24268, 14, 11 ],
			"faces": {
				"down": { "uv": [ 13.5, 9.5, 16, 15.5 ], "texture": "#side" },
				"up": { "uv": [ 13.5, 9.5, 16, 15.5 ], "texture": "#side" },
				"north": { "uv": [ 6.5, 2, 9, 14.5 ], "texture": "#side" },
				"south": { "uv": [ 6.5, 2, 9, 14.5 ], "texture": "#side" }
			}
		},
		{
			"__comment": "Element",
			"from": [ 5, 1.5, 6.7574 ],
			"to": [ 11, 14, 9.24268 ],
			"rotation": { "origin": [ 8, 8.5, 8 ], "axis": "y", "angle": 45 },
			"faces": {
				"down": { "uv": [ 13.5, 9.5, 15.98528, 15.5 ], "texture": "#side", "rotation": 90 },
				"up": { "uv": [ 13.5, 9.5, 15.98528, 15.5 ], "texture": "#side", "rotation": 90 },
				"west": { "uv": [ 6.5, 2, 9, 14.5 ], "texture": "#side" },
				"east": { "uv": [ 6.5, 2, 9, 14.5 ], "texture": "#side" }
			}
		},
		{
			"__comment": "Element",
			"from": [ 5, 1.5, 6.7574 ],
			"to": [ 11, 14, 9.24268 ],
			"faces": {
				"down": { "uv": [ 13.5, 9.5, 15.98528, 15.5 ], "texture": "#side", "rotation": 90 },
				"up": { "uv": [ 13.5, 9.5, 15.98528, 15.5 ], "texture": "#side", "rotation": 90 },
				"west": { "uv": [ 6.5, 2, 9, 14.5 ], "texture": "#side" },
				"east": { "uv": [ 6.5, 2, 9, 14.5 ], "texture": "#side" }
			}
		},
		{
			"__comment": "Element",
			"from": [ 5, 1.5, 6.7574 ],
			"to": [ 11, 14, 9.24268 ],
			"rotation": { "origin": [ 8, 8.5, 8 ], "axis": "y", "angle": -45 },
			"faces": {
				"down": { "uv": [ 13.5, 9.5, 15.98528, 15.5 ], "texture": "#side", "rotation": 90 },
				"up": { "uv": [ 13.5, 9.5, 15.98528, 15.5 ], "texture": "#side", "rotation": 90 },
				"west": { "uv": [ 6.5, 2, 9, 14.5 ], "texture": "#side" },
				"east": { "uv": [ 6.5, 2, 9, 14.5 ], "texture": "#side" }
			}
		},
		{
			"__comment": "Element",
			"from": [ 6.5502, 12.5, 4.5 ],
			"to": [ 9.449699, 13.5, 11.5 ],
			"faces": {
				"down": { "uv": [ 13, 9, 16, 16 ], "texture": "#side" },
				"up": { "uv": [ 13, 9, 16, 16 ], "texture": "#side" },
				"north": { "uv": [ 6.5, 2.5, 9.5, 3.5 ], "texture": "#side" },
				"south": { "uv": [ 6.5, 2.5, 9.5, 3.5 ], "texture": "#side" }
			}
		},
		{
			"__comment": "Element",
			"from": [ 4.5, 12.5, 6.5502 ],
			"to": [ 11.5, 13.5, 9.449699 ],
			"rotation": { "origin": [ 8, 13, 8 ], "axis": "y", "angle": 45 },
			"faces": {
				"down": { "uv": [ 13, 9, 16, 16 ], "texture": "#side", "rotation": 270 },
				"up": { "uv": [ 13, 9, 16, 16 ], "texture": "#side", "rotation": 90 },
				"west": { "uv": [ 4.5, 2.5, 7.5, 3.5 ], "texture": "#side" },
				"east": { "uv": [ 4.5, 2.5, 7.5, 3.5 ], "texture": "#side" }
			}
		},
		{
			"__comment": "Element",
			"from": [ 4.5, 12.5, 6.5502 ],
			"to": [ 11.5, 13.5, 9.449699 ],
			"faces": {
				"down": { "uv": [ 13, 9, 16, 16 ], "texture": "#side", "rotation": 270 },
				"up": { "uv": [ 13, 9, 16, 16 ], "texture": "#side", "rotation": 90 },
				"west": { "uv": [ 6.5, 2.5, 9.5, 3.5 ], "texture": "#side" },
				"east": { "uv": [ 6.5, 2.5, 9.5, 3.5 ], "texture": "#side" }
			}
		},
		{
			"__comment": "Element",
			"from": [ 4.5, 12.5, 6.5502 ],
			"to": [ 11.5, 13.5, 9.449699 ],
			"rotation": { "origin": [ 8, 13, 8 ], "axis": "y", "angle": -45 },
			"faces": {
				"down": { "uv": [ 13, 9, 16, 16 ], "texture": "#side", "rotation": 270 },
				"up": { "uv": [ 13, 9, 16, 16 ], "texture": "#side", "rotation": 90 },
				"west": { "uv": [ 8.5, 2.5, 11.5, 3.5 ], "texture": "#side" },
				"east": { "uv": [ 8.5, 2.5, 11.5, 3.5 ], "texture": "#side" }
			}
		},
		{
			"__comment": "Element",
			"from": [ 4.5, 1.475, 4.5 ],
			"to": [ 11.5, 14.025, 11.5 ],
			"faces": {
				"down": { "uv": [ 4.5, 4.5, 11.5, 11.5 ], "texture": "#top", "rotation": 90 },
				"up": { "uv": [ 4.5, 4.5, 11.5, 11.5 ], "texture": "#top", "rotation": 90 }
			}
		},
		{
			"__comment": "Element",
			"from": [ 4.5, 0, 8 ],
			"to": [ 11.5, 16, 8.001 ],
			"faces": {
				"north": { "uv": [ 4.5, 0, 11.5, 16 ], "texture": "#side" },
				"south": { "uv": [ 4.5, 0, 11.5, 16 ], "texture": "#side" }
			}
		},
		{
			"__comment": "Element",
			"from": [ 8, 0, 4.5 ],
			"to": [ 8.001, 16, 11.5 ],
			"faces": {
				"west": { "uv": [ 4.5, 0, 11.5, 16 ], "texture": "#side" },
				"east": { "uv": [ 4.5, 0, 11.5, 16 ], "texture": "#side" }
			}
		},
		{
			"__comment": "Element",
			"from": [ 6.75, -4, 8 ],
			"to": [ 9.25, 0, 8.001 ],
			"faces": {
				"north": { "uv": [ 13.5, 0, 16, 4 ], "texture": "#side" },
				"south": { "uv": [ 13.5, 0, 16, 4 ], "texture": "#side" }
			}
		},
		{
			"__comment": "Element",
			"from": [ 8, -4, 6.75 ],
			"to": [ 8.001, 0, 9.25 ],
			"faces": {
				"west": { "uv": [ 13.5, 0, 16, 4 ], "texture": "#side" },
				"east": { "uv": [ 13.5, 0, 16, 4 ], "texture": "#side" }
			}
		}
	],
	"display": {
		"thirdperson_righthand": {
			"rotation":  [ 75, 45, 0 ],
			"translation":  [ 0, 2.5, 3 ],
			"scale":  [ 0.575, 0.575, 0.575 ]
		},
		"thirdperson_lefthand": {
			"rotation":  [ 75, 45, 0 ],
			"translation":  [ 0, 2.5, 3 ],
			"scale":  [ 0.575, 0.575, 0.575 ]
		},
		"firstperson_righthand": {
			"rotation":  [ 0, 45, 0 ],
			"translation":  [ 0, 2, 0 ],
			"scale":  [ 0.6, 0.6, 0.6 ]
		},
		"firstperson_lefthand": {
			"rotation":  [ 0, 45, 0 ],
			"translation":  [ 0, 2, 0 ],
			"scale":  [ 0.6, 0.6, 0.6 ]
		},
		"gui": {
			"rotation":  [ 30, 225, 0 ],
			"scale":  [ 0.725, 0.725, 0.725 ]
		}
	}
}