{
	"credit": "Made with Blockbench",
	"textures": {
		"particle": "block/arabic_candle_lit",
		"side": "block/arabic_candle_lit",
		"top": "block/arabic_candle_top"
	},
	"elements": [
		{
			"from": [6.7574, 1.5, 5],
			"to": [9.24268, 14, 11],
			"faces": {
				"north": {"uv": [6.5, 2, 9, 14.5], "texture": "#side"},
				"east": {"uv": [0, 0, 0, 0], "texture": "#side"},
				"south": {"uv": [6.5, 2, 9, 14.5], "texture": "#side"},
				"west": {"uv": [0, 0, 0, 0], "texture": "#side"},
				"up": {"uv": [13.5, 9.5, 16, 15.5], "texture": "#side"},
				"down": {"uv": [13.5, 9.5, 16, 15.5], "texture": "#side"}
			}
		},
		{
			"from": [5, 1.5, 6.7574],
			"to": [11, 14, 9.24268],
			"rotation": {"angle": 45, "axis": "y", "origin": [8, 8.5, 8]},
			"faces": {
				"north": {"uv": [0, 0, 0, 0], "texture": "#side"},
				"east": {"uv": [6.5, 2, 9, 14.5], "texture": "#side"},
				"south": {"uv": [0, 0, 0, 0], "texture": "#side"},
				"west": {"uv": [6.5, 2, 9, 14.5], "texture": "#side"},
				"up": {"uv": [13.5, 9.5, 15.98528, 15.5], "rotation": 90, "texture": "#side"},
				"down": {"uv": [13.5, 9.5, 15.98528, 15.5], "rotation": 90, "texture": "#side"}
			}
		},
		{
			"from": [5, 1.5, 6.7574],
			"to": [11, 14, 9.24268],
			"faces": {
				"north": {"uv": [0, 0, 0, 0], "texture": "#side"},
				"east": {"uv": [6.5, 2, 9, 14.5], "texture": "#side"},
				"south": {"uv": [0, 0, 0, 0], "texture": "#side"},
				"west": {"uv": [6.5, 2, 9, 14.5], "texture": "#side"},
				"up": {"uv": [13.5, 9.5, 15.98528, 15.5], "rotation": 90, "texture": "#side"},
				"down": {"uv": [13.5, 9.5, 15.98528, 15.5], "rotation": 90, "texture": "#side"}
			}
		},
		{
			"from": [5, 1.5, 6.7574],
			"to": [11, 14, 9.24268],
			"rotation": {"angle": -45, "axis": "y", "origin": [8, 8.5, 8]},
			"faces": {
				"north": {"uv": [0, 0, 0, 0], "texture": "#side"},
				"east": {"uv": [6.5, 2, 9, 14.5], "texture": "#side"},
				"south": {"uv": [0, 0, 0, 0], "texture": "#side"},
				"west": {"uv": [6.5, 2, 9, 14.5], "texture": "#side"},
				"up": {"uv": [13.5, 9.5, 15.98528, 15.5], "rotation": 90, "texture": "#side"},
				"down": {"uv": [13.5, 9.5, 15.98528, 15.5], "rotation": 90, "texture": "#side"}
			}
		},
		{
			"from": [6.5502, 2.5, 4.5],
			"to": [9.4497, 3.5, 11.5],
			"faces": {
				"north": {"uv": [7, 12.5, 10, 13.5], "texture": "#side"},
				"east": {"uv": [0, 0, 0, 0], "texture": "#side"},
				"south": {"uv": [7, 12.5, 10, 13.5], "texture": "#side"},
				"west": {"uv": [0, 0, 0, 0], "texture": "#side"},
				"up": {"uv": [13, 9, 16, 16], "texture": "#side"},
				"down": {"uv": [13, 9, 16, 16], "texture": "#side"}
			}
		},
		{
			"from": [4.5, 2.5, 6.5502],
			"to": [11.5, 3.5, 9.4497],
			"rotation": {"angle": 45, "axis": "y", "origin": [8, 3.5, 8]},
			"faces": {
				"north": {"uv": [0, 0, 0, 0], "texture": "#side"},
				"east": {"uv": [4.5, 12.5, 7.5, 13.5], "texture": "#side"},
				"south": {"uv": [0, 0, 0, 0], "texture": "#side"},
				"west": {"uv": [4.5, 12.5, 7.5, 13.5], "texture": "#side"},
				"up": {"uv": [13, 9, 16, 16], "rotation": 90, "texture": "#side"},
				"down": {"uv": [13, 9, 16, 16], "rotation": 270, "texture": "#side"}
			}
		},
		{
			"from": [4.5, 2.5, 6.5502],
			"to": [11.5, 3.5, 9.4497],
			"faces": {
				"north": {"uv": [0, 0, 0, 0], "texture": "#side"},
				"east": {"uv": [6.5, 12.5, 9.5, 13.5], "texture": "#side"},
				"south": {"uv": [0, 0, 0, 0], "texture": "#side"},
				"west": {"uv": [6.5, 12.5, 9.5, 13.5], "texture": "#side"},
				"up": {"uv": [13, 9, 16, 16], "rotation": 90, "texture": "#side"},
				"down": {"uv": [13, 9, 16, 16], "rotation": 270, "texture": "#side"}
			}
		},
		{
			"from": [4.5, 2.5, 6.5502],
			"to": [11.5, 3.5, 9.4497],
			"rotation": {"angle": -45, "axis": "y", "origin": [8, 3.5, 8]},
			"faces": {
				"north": {"uv": [0, 0, 0, 0], "texture": "#side"},
				"east": {"uv": [8.5, 12.5, 11.5, 13.5], "texture": "#side"},
				"south": {"uv": [0, 0, 0, 0], "texture": "#side"},
				"west": {"uv": [8.5, 12.5, 11.5, 13.5], "texture": "#side"},
				"up": {"uv": [13, 9, 16, 16], "rotation": 90, "texture": "#side"},
				"down": {"uv": [13, 9, 16, 16], "rotation": 270, "texture": "#side"}
			}
		},
		{
			"from": [6.3432, 3.5, 4],
			"to": [9.6569, 12.5, 12],
			"faces": {
				"north": {"uv": [0, 0, 3.5, 9], "texture": "#side"},
				"east": {"uv": [0, 0, 0, 0], "texture": "#side"},
				"south": {"uv": [0, 0, 3.5, 9], "texture": "#side"},
				"west": {"uv": [0, 0, 0, 0], "texture": "#side"},
				"up": {"uv": [13, 8, 16, 16], "texture": "#side"},
				"down": {"uv": [13, 8, 16, 16], "texture": "#side"}
			}
		},
		{
			"from": [6.3431, 3.5, 4],
			"to": [9.6568, 12.5, 12],
			"rotation": {"angle": -45, "axis": "y", "origin": [8, 8, 8]},
			"faces": {
				"north": {"uv": [0, 0, 3.5, 9], "texture": "#side"},
				"east": {"uv": [0, 0, 0, 0], "texture": "#side"},
				"south": {"uv": [0, 0, 3.5, 9], "texture": "#side"},
				"west": {"uv": [0, 0, 0, 0], "texture": "#side"},
				"up": {"uv": [13, 8, 16, 16], "texture": "#side"},
				"down": {"uv": [13, 8, 16, 16], "texture": "#side"}
			}
		},
		{
			"from": [4, 3.5, 6.3432],
			"to": [12, 12.5, 9.6569],
			"faces": {
				"north": {"uv": [0, 0, 0, 0], "texture": "#side"},
				"east": {"uv": [0, 0, 3.5, 9], "texture": "#side"},
				"south": {"uv": [0, 0, 0, 0], "texture": "#side"},
				"west": {"uv": [0, 0, 3.5, 9], "texture": "#side"},
				"up": {"uv": [13, 8, 16, 16], "rotation": 90, "texture": "#side"},
				"down": {"uv": [13, 8, 16, 16], "rotation": 270, "texture": "#side"}
			}
		},
		{
			"from": [4, 3.5, 6.3432],
			"to": [12, 12.5, 9.6569],
			"rotation": {"angle": -45, "axis": "y", "origin": [8, 8, 8]},
			"faces": {
				"north": {"uv": [0, 0, 0, 0], "texture": "#side"},
				"east": {"uv": [0, 0, 3.5, 9], "texture": "#side"},
				"south": {"uv": [0, 0, 0, 0], "texture": "#side"},
				"west": {"uv": [0, 0, 3.5, 9], "texture": "#side"},
				"up": {"uv": [13, 8, 16, 16], "rotation": 90, "texture": "#side"},
				"down": {"uv": [13, 8, 16, 16], "rotation": 270, "texture": "#side"}
			}
		},
		{
			"from": [6.5502, 12.5, 4.5],
			"to": [9.4497, 13.5, 11.5],
			"faces": {
				"north": {"uv": [6.5, 2.5, 9.5, 3.5], "texture": "#side"},
				"east": {"uv": [0, 0, 0, 0], "texture": "#side"},
				"south": {"uv": [6.5, 2.5, 9.5, 3.5], "texture": "#side"},
				"west": {"uv": [0, 0, 0, 0], "texture": "#side"},
				"up": {"uv": [13, 9, 16, 16], "texture": "#side"},
				"down": {"uv": [13, 9, 16, 16], "texture": "#side"}
			}
		},
		{
			"from": [4.5, 12.5, 6.5502],
			"to": [11.5, 13.5, 9.4497],
			"rotation": {"angle": 45, "axis": "y", "origin": [8, 13, 8]},
			"faces": {
				"north": {"uv": [0, 0, 0, 0], "texture": "#side"},
				"east": {"uv": [4.5, 2.5, 7.5, 3.5], "texture": "#side"},
				"south": {"uv": [0, 0, 0, 0], "texture": "#side"},
				"west": {"uv": [4.5, 2.5, 7.5, 3.5], "texture": "#side"},
				"up": {"uv": [13, 9, 16, 16], "rotation": 90, "texture": "#side"},
				"down": {"uv": [13, 9, 16, 16], "rotation": 270, "texture": "#side"}
			}
		},
		{
			"from": [4.5, 12.5, 6.5502],
			"to": [11.5, 13.5, 9.4497],
			"faces": {
				"north": {"uv": [0, 0, 0, 0], "texture": "#side"},
				"east": {"uv": [6.5, 2.5, 9.5, 3.5], "texture": "#side"},
				"south": {"uv": [0, 0, 0, 0], "texture": "#side"},
				"west": {"uv": [6.5, 2.5, 9.5, 3.5], "texture": "#side"},
				"up": {"uv": [13, 9, 16, 16], "rotation": 90, "texture": "#side"},
				"down": {"uv": [13, 9, 16, 16], "rotation": 270, "texture": "#side"}
			}
		},
		{
			"from": [4.5, 12.5, 6.5502],
			"to": [11.5, 13.5, 9.4497],
			"rotation": {"angle": -45, "axis": "y", "origin": [8, 13, 8]},
			"faces": {
				"north": {"uv": [0, 0, 0, 0], "texture": "#side"},
				"east": {"uv": [8.5, 2.5, 11.5, 3.5], "texture": "#side"},
				"south": {"uv": [0, 0, 0, 0], "texture": "#side"},
				"west": {"uv": [8.5, 2.5, 11.5, 3.5], "texture": "#side"},
				"up": {"uv": [13, 9, 16, 16], "rotation": 90, "texture": "#side"},
				"down": {"uv": [13, 9, 16, 16], "rotation": 270, "texture": "#side"}
			}
		},
		{
			"from": [4.5, 1.475, 4.5],
			"to": [11.5, 14.025, 11.5],
			"faces": {
				"up": {"uv": [4.5, 4.5, 11.5, 11.5], "rotation": 90, "texture": "#top"},
				"down": {"uv": [4.5, 4.5, 11.5, 11.5], "rotation": 90, "texture": "#top"}
			}
		},
		{
			"from": [4.5, 0, 8],
			"to": [11.5, 16, 8.001],
			"faces": {
				"north": {"uv": [4.5, 0, 11.5, 16], "texture": "#side"},
				"east": {"uv": [0, 0, 0, 0], "texture": "#side"},
				"south": {"uv": [4.5, 0, 11.5, 16], "texture": "#side"},
				"west": {"uv": [0, 0, 0, 0], "texture": "#side"},
				"up": {"uv": [0, 0, 0, 0], "texture": "#side"},
				"down": {"uv": [0, 0, 0, 0], "texture": "#side"}
			}
		},
		{
			"from": [8, 0, 4.5],
			"to": [8.001, 16, 11.5],
			"faces": {
				"north": {"uv": [0, 0, 0, 0], "texture": "#side"},
				"east": {"uv": [4.5, 0, 11.5, 16], "texture": "#side"},
				"south": {"uv": [0, 0, 0, 0], "texture": "#side"},
				"west": {"uv": [4.5, 0, 11.5, 16], "texture": "#side"},
				"up": {"uv": [0, 0, 0, 0], "texture": "#side"},
				"down": {"uv": [0, 0, 0, 0], "texture": "#side"}
			}
		},
		{
			"from": [6.75, -4, 8],
			"to": [9.25, 0, 8.001],
			"faces": {
				"north": {"uv": [13.5, 0, 16, 4], "texture": "#side"},
				"east": {"uv": [0, 0, 0, 0], "texture": "#side"},
				"south": {"uv": [13.5, 0, 16, 4], "texture": "#side"},
				"west": {"uv": [0, 0, 0, 0], "texture": "#side"},
				"up": {"uv": [0, 0, 0, 0], "texture": "#side"},
				"down": {"uv": [0, 0, 0, 0], "texture": "#side"}
			}
		},
		{
			"from": [8, -4, 6.75],
			"to": [8.001, 0, 9.25],
			"faces": {
				"north": {"uv": [0, 0, 0, 0], "texture": "#side"},
				"east": {"uv": [13.5, 0, 16, 4], "texture": "#side"},
				"south": {"uv": [0, 0, 0, 0], "texture": "#side"},
				"west": {"uv": [13.5, 0, 16, 4], "texture": "#side"},
				"up": {"uv": [0, 0, 0, 0], "texture": "#side"},
				"down": {"uv": [0, 0, 0, 0], "texture": "#side"}
			}
		}
	]
}