{
	"textures": {
		"particle": "block/arabic_candle_lit",
		"side": "block/arabic_candle_lit",
		"top": "block/arabic_candle_top"
	},
	"elements": [ 	 
		{
			"from": [ 6.5502, 6, 4.5 ],
			"to": [ 9.449699, 7, 11.5 ],
			"faces": {
				"down": { "uv": [ 13, 9, 16, 16 ], "texture": "#side" },
				"up": { "uv": [ 13, 9, 16, 16 ], "texture": "#side" },
				"north": { "uv": [ 7, 12.5, 10, 13.5 ], "texture": "#side" },
				"south": { "uv": [ 7, 12.5, 10, 13.5 ], "texture": "#side" }
			}
		},
		{
			"from": [ 6.5502, 6, 4.5 ],
			"to": [ 9.449699, 7, 11.5 ],
			"rotation": { "origin": [ 8, 9.5, 8 ], "axis": "y", "angle": -45 },
			"faces": {
				"down": { "uv": [ 13, 9, 16, 16 ], "texture": "#side" },
				"up": { "uv": [ 13, 9, 16, 16 ], "texture": "#side" },
				"north": { "uv": [ 4.5, 12.5, 7.5, 13.5 ], "texture": "#side" },
				"south": { "uv": [ 4.5, 12.5, 7.5, 13.5 ], "texture": "#side" }
			}
		},
		{
			"from": [ 4.5, 6, 6.5502 ],
			"to": [ 11.5, 7, 9.449699 ],
			"faces": {
				"down": { "uv": [ 13, 9, 16, 16 ], "texture": "#side", "rotation": 270 },
				"up": { "uv": [ 13, 9, 16, 16 ], "texture": "#side", "rotation": 90 },
				"west": { "uv": [ 6.5, 12.5, 9.5, 13.5 ], "texture": "#side" },
				"east": { "uv": [ 6.5, 12.5, 9.5, 13.5 ], "texture": "#side" }
			}
		},
		{
			"from": [ 4.5, 6, 6.5502 ],
			"to": [ 11.5, 7, 9.449699 ],
			"rotation": { "origin": [ 8, 9.5, 8 ], "axis": "y", "angle": -45 },
			"faces": {
				"down": { "uv": [ 13, 9, 16, 16 ], "texture": "#side", "rotation": 270 },
				"up": { "uv": [ 13, 9, 16, 16 ], "texture": "#side", "rotation": 90 },
				"west": { "uv": [ 8.5, 12.5, 11.5, 13.5 ], "texture": "#side" },
				"east": { "uv": [ 8.5, 12.5, 11.5, 13.5 ], "texture": "#side" }
			}
		},
		{
			"from": [ 6.7574, 7, 5 ],
			"to": [ 9.24268, 14, 11 ],
			"faces": {
				"down": { "uv": [ 13.5, 9.5, 16, 15.5 ], "texture": "#side" },
				"up": { "uv": [ 13.5, 9.5, 16, 15.5 ], "texture": "#side" },
				"north": { "uv": [ 6.5, 2, 8.98528, 9 ], "texture": "#side" },
				"south": { "uv": [ 6.5, 2, 8.98528, 9 ], "texture": "#side" }
			}
		},
		{
			"from": [ 6.7574, 7, 5 ],
			"to": [ 9.24268, 14, 11 ],
			"rotation": { "origin": [ 8, 6, 8 ], "axis": "y", "angle": -45 },
			"faces": {
				"down": { "uv": [ 13.5, 9.5, 15.98528, 15.5 ], "texture": "#side", "rotation": 180 },
				"up": { "uv": [ 13.5, 9.5, 15.98528, 15.5 ], "texture": "#side" },
				"north": { "uv": [ 6.5, 2, 8.98528, 9 ], "texture": "#side" },
				"south": { "uv": [ 6.5, 2, 8.98528, 9 ], "texture": "#side" }
			}
		},
		{
			"from": [ 5, 7, 6.7574 ],
			"to": [ 11, 14, 9.24268 ],
			"faces": {
				"down": { "uv": [ 13.5, 9.5, 15.98528, 15.5 ], "texture": "#side", "rotation": 90 },
				"up": { "uv": [ 13.5, 9.5, 15.98528, 15.5 ], "texture": "#side", "rotation": 90 },
				"west": { "uv": [ 6.5, 2, 8.98528, 9 ], "texture": "#side" },
				"east": { "uv": [ 6.5, 2, 8.98528, 9 ], "texture": "#side" }
			}
		},
		{
			"from": [ 5, 7, 6.7574 ],
			"to": [ 11, 14, 9.24268 ],
			"rotation": { "origin": [ 8, 6, 8 ], "axis": "y", "angle": -45 },
			"faces": {
				"down": { "uv": [ 13.5, 9.5, 15.98528, 15.5 ], "texture": "#side", "rotation": 90 },
				"up": { "uv": [ 13.5, 9.5, 15.98528, 15.5 ], "texture": "#side", "rotation": 90 },
				"west": { "uv": [ 6.5, 2, 8.98528, 9 ], "texture": "#side" },
				"east": { "uv": [ 6.5, 2, 8.98528, 9 ], "texture": "#side" }
			}
		},
		{
			"from": [ 6.5502, 12.5, 4.5 ],
			"to": [ 9.449699, 13.5, 11.5 ],
			"faces": {
				"down": { "uv": [ 13, 9, 16, 16 ], "texture": "#side" },
				"up": { "uv": [ 13, 9, 16, 16 ], "texture": "#side" },
				"north": { "uv": [ 6.5, 2.5, 9.5, 3.5 ], "texture": "#side" },
				"south": { "uv": [ 6.5, 2.5, 9.5, 3.5 ], "texture": "#side" }
			}
		},
		{
			"from": [ 6.5502, 12.5, 4.5 ],
			"to": [ 9.449699, 13.5, 11.5 ],
			"rotation": { "origin": [ 8, 6, 8 ], "axis": "y", "angle": -45 },
			"faces": {
				"down": { "uv": [ 13, 9, 16, 16 ], "texture": "#side" },
				"up": { "uv": [ 13, 9, 16, 16 ], "texture": "#side" },
				"north": { "uv": [ 4.5, 2.5, 7.5, 3.5 ], "texture": "#side" },
				"south": { "uv": [ 4.5, 2.5, 7.5, 3.5 ], "texture": "#side" }
			}
		},
		{
			"from": [ 4.5, 12.5, 6.5502 ],
			"to": [ 11.5, 13.5, 9.449699 ],
			"faces": {
				"down": { "uv": [ 13, 9, 16, 16 ], "texture": "#side", "rotation": 270 },
				"up": { "uv": [ 13, 9, 16, 16 ], "texture": "#side", "rotation": 90 },
				"west": { "uv": [ 6.5, 2.5, 9.5, 3.5 ], "texture": "#side" },
				"east": { "uv": [ 6.5, 2.5, 9.5, 3.5 ], "texture": "#side" }
			}
		},
		{
			"from": [ 4.5, 12.5, 6.5502 ],
			"to": [ 11.5, 13.5, 9.449699 ],
			"rotation": { "origin": [ 8, 6, 8 ], "axis": "y", "angle": -45 },
			"faces": {
				"down": { "uv": [ 13, 9, 16, 16 ], "texture": "#side", "rotation": 270 },
				"up": { "uv": [ 13, 9, 16, 16 ], "texture": "#side", "rotation": 90 },
				"west": { "uv": [ 8.5, 2.5, 11.5, 3.5 ], "texture": "#side" },
				"east": { "uv": [ 8.5, 2.5, 11.5, 3.5 ], "texture": "#side" }
			}
		},
		{
			"from": [ 4.5, 5.975, 4.5 ],
			"to": [ 11.5, 14.025, 11.5 ],
			"faces": {
				"down": { "uv": [ 4.5, 4.5, 11.5, 11.5 ], "texture": "#top", "rotation": 90 },
				"up": { "uv": [ 4.5, 4.5, 11.5, 11.5 ], "texture": "#top", "rotation": 90 }
			}
		},
		{
			"from": [ 4.5, 13.5, 8 ],
			"to": [ 11.5, 16, 8.001 ],
			"faces": {
				"north": { "uv": [ 4.5, 0, 11.5, 2.5 ], "texture": "#side" },
				"south": { "uv": [ 4.5, 0, 11.5, 2.5 ], "texture": "#side" }
			}
		},
		{
			"from": [ 8, 13.5, 4.5 ],
			"to": [ 8.001, 16, 11.5 ],
			"faces": {
				"west": { "uv": [ 4.5, 0, 11.5, 2.5 ], "texture": "#side" },
				"east": { "uv": [ 4.5, 0, 11.5, 2.5 ], "texture": "#side" }
			}
		},
		{
			"from": [ 5, 5, 8 ],
			"to": [ 11, 6, 8.001 ],
			"faces": {
				"north": { "uv": [ 5, 15, 11, 16 ], "texture": "#side" },
				"south": { "uv": [ 5, 15, 11, 16 ], "texture": "#side" }
			}
		},
		{
			"from": [ 8, 5, 5 ],
			"to": [ 8.001, 6, 11 ],
			"faces": {
				"west": { "uv": [ 5, 15, 11, 16 ], "texture": "#side" },
				"east": { "uv": [ 5, 15, 11, 16 ], "texture": "#side" }
			}
		},
		{
			"from": [ 6.75, 1, 8 ],
			"to": [ 9.25, 5, 8.001 ],
			"faces": {
				"north": { "uv": [ 13.5, 0, 16, 4 ], "texture": "#side" },
				"south": { "uv": [ 13.5, 0, 16, 4 ], "texture": "#side" }
			}
		},
		{
			"from": [ 8, 1, 6.75 ],
			"to": [ 8.001, 5, 9.25 ],
			"faces": {
				"west": { "uv": [ 13.5, 0, 16, 4 ], "texture": "#side" },
				"east": { "uv": [ 13.5, 0, 16, 4 ], "texture": "#side" }
			}
		}
	]
}