{
	"credit": "Made with Blockbench",
	"textures": {
		"0": "block/potatoes_stage1",
		"1": "block/farmland_moist",
		"particle": "block/potatoes_stage1"
	},
	"elements": [
		{
			"from": [6.95711, -0.19732, -0.01562],
			"to": [13.95711, 1.55268, 15.98438],
			"rotation": {"angle": -22.5, "axis": "z", "origin": [8, -0.96509, 7.99219]},
			"faces": {
				"north": {"uv": [4, 10, 11, 11.75], "texture": "#1"},
				"east": {"uv": [0, 8.5, 16, 10.25], "texture": "#1"},
				"south": {"uv": [3.5, 11, 10.5, 12.75], "texture": "#1"},
				"west": {"uv": [0, 8.5, 16, 10.25], "texture": "#1"},
				"up": {"uv": [1.5, 0, 8.5, 16], "texture": "#1"},
				"down": {"uv": [1.5, 0, 8.5, 16], "texture": "#1"}
			}
		},
		{
			"from": [2.04289, -0.19732, 0.01563],
			"to": [9.04289, 1.55268, 16.01563],
			"rotation": {"angle": 22.5, "axis": "z", "origin": [8, -0.96509, 8.00781]},
			"faces": {
				"north": {"uv": [11, 11.5, 4, 13.25], "texture": "#1"},
				"east": {"uv": [16, 8.5, 0, 10.25], "texture": "#1"},
				"south": {"uv": [10.5, 11, 3.5, 12.75], "texture": "#1"},
				"west": {"uv": [16, 8.5, 0, 10.25], "texture": "#1"},
				"up": {"uv": [8.5, 0, 1.5, 16], "texture": "#1"},
				"down": {"uv": [8.5, 0, 1.5, 16], "texture": "#1"}
			}
		},
		{
			"from": [2.16789, -2.44732, 0.0625],
			"to": [13.79289, -0.69732, 15.9375],
			"rotation": {"angle": 0, "axis": "z", "origin": [10.75, -1.96509, 7.92969]},
			"faces": {
				"north": {"uv": [12.75, 10.5, 1, 12.25], "texture": "#1"},
				"south": {"uv": [13.25, 10.5, 1.5, 12.25], "texture": "#1"},
				"down": {"uv": [13.25, 0, 1.5, 16], "texture": "#1"}
			}
		},
		{
			"from": [6.09758, -0.69732, 0.0625],
			"to": [10.34758, 0.30268, 15.9375],
			"rotation": {"angle": 0, "axis": "z", "origin": [11.30469, -1.96509, 7.92969]},
			"faces": {
				"north": {"uv": [10.25, 11, 6, 12], "texture": "#1"},
				"south": {"uv": [8.75, 10.5, 4.5, 11.5], "texture": "#1"}
			}
		},
		{
			"from": [7.90649, -0.5, 0.18138],
			"to": [7.90649, 15.5, 16.18138],
			"rotation": {"angle": -45, "axis": "y", "origin": [8, 7.5, 8.14265]},
			"faces": {
				"east": {"uv": [0, 0, 16, 16], "texture": "#0"},
				"west": {"uv": [16, 0, 0, 16], "texture": "#0"}
			}
		},
		{
			"from": [8.34351, -0.5, 0.18138],
			"to": [8.34351, 15.5, 16.18138],
			"rotation": {"angle": 45, "axis": "y", "origin": [8.25, 7.5, 8.14265]},
			"faces": {
				"east": {"uv": [16, 0, 0, 16], "texture": "#0"},
				"west": {"uv": [0, 0, 16, 16], "texture": "#0"}
			}
		},
		{
			"from": [11.09351, -1.75, 0.18138],
			"to": [11.09351, 14.25, 16.18138],
			"rotation": {"angle": -22.5, "axis": "z", "origin": [11, 6.25, 8.14265]},
			"faces": {
				"east": {"uv": [0, 0, 16, 16], "texture": "#0"},
				"west": {"uv": [16, 0, 0, 16], "texture": "#0"}
			}
		},
		{
			"from": [-0.03873, -1.75, 10.98616],
			"to": [15.96127, 14.25, 10.98616],
			"rotation": {"angle": 22.5, "axis": "x", "origin": [8, 6.25, 10.89265]},
			"faces": {
				"north": {"uv": [0, 0, 16, 16], "texture": "#0"},
				"south": {"uv": [16, 0, 0, 16], "texture": "#0"}
			}
		},
		{
			"from": [5.34351, -1.75, 0.18138],
			"to": [5.34351, 14.25, 16.18138],
			"rotation": {"angle": 22.5, "axis": "z", "origin": [5.25, 6.25, 8.14265]},
			"faces": {
				"east": {"uv": [0, 0, 16, 16], "texture": "#0"},
				"west": {"uv": [16, 0, 0, 16], "texture": "#0"}
			}
		},
		{
			"from": [-0.03873, -1.75, 5.23616],
			"to": [15.96127, 14.25, 5.23616],
			"rotation": {"angle": -22.5, "axis": "x", "origin": [8, 6.25, 5.14265]},
			"faces": {
				"north": {"uv": [16, 0, 0, 16], "texture": "#0"},
				"south": {"uv": [0, 0, 16, 16], "texture": "#0"}
			}
		}
	]
}