{
	"credit": "Made with Blockbench",
	"ambientocclusion": false,
	"texture_size": [32, 32],
	"textures": {
		"4": "block/pumpkin_stem_top",
		"particle": "block/pumpkin_stem_top"
	},
	"elements": [
		{
			"from": [8.72302, 4.57915, -10.43876],
			"to": [24.72302, 4.57915, 15.06124],
			"rotation": {"angle": 22.5, "axis": "x", "origin": [24.31316, 9.32057, 3.65986]},
			"faces": {
				"up": {"uv": [16, 12.75, 8, 0], "rotation": 180, "texture": "#4"},
				"down": {"uv": [16, 0, 8, 12.75], "rotation": 180, "texture": "#4"}
			}
		},
		{
			"from": [-7.27698, 4.65728, -10.43876],
			"to": [8.72302, 4.65728, 15.06124],
			"rotation": {"angle": 22.5, "axis": "x", "origin": [8.31316, 9.3987, 3.65986]},
			"faces": {
				"up": {"uv": [8, 12.75, 0, 0], "rotation": 180, "texture": "#4"},
				"down": {"uv": [8, 0, 0, 12.75], "rotation": 180, "texture": "#4"}
			}
		},
		{
			"from": [4.91178, 0.57915, 9.06972],
			"to": [22.41178, 0.57915, 25.06972],
			"rotation": {"angle": 22.5, "axis": "z", "origin": [8.31316, 5.32057, 24.65986]},
			"faces": {
				"up": {"uv": [0, 8.75, 8, 0], "rotation": 270, "texture": "#4"},
				"down": {"uv": [8, 8.75, 0, 0], "rotation": 270, "texture": "#4"}
			}
		},
		{
			"from": [4.91178, 0.65728, -6.93028],
			"to": [22.41178, 0.65728, 9.06972],
			"rotation": {"angle": 22.5, "axis": "z", "origin": [8.31316, 5.3987, 8.65986]},
			"faces": {
				"up": {"uv": [8, 8.75, 16, 0], "rotation": 270, "texture": "#4"},
				"down": {"uv": [16, 8.75, 8, 0], "rotation": 270, "texture": "#4"}
			}
		},
		{
			"from": [8.72302, 3.59185, 0.08067],
			"to": [24.72302, 3.59185, 24.33067],
			"rotation": {"angle": -22.5, "axis": "x", "origin": [24.31316, 9.3987, 8.65986]},
			"faces": {
				"up": {"uv": [16, 0, 8, 12.75], "rotation": 180, "texture": "#4"},
				"down": {"uv": [8, 0, 16, 12.75], "texture": "#4"}
			}
		},
		{
			"from": [-7.27698, 3.51372, 0.08067],
			"to": [8.72302, 3.51372, 24.33067],
			"rotation": {"angle": -22.5, "axis": "x", "origin": [8.31316, 9.32057, 8.65986]},
			"faces": {
				"up": {"uv": [8, 0, 0, 12.75], "rotation": 180, "texture": "#4"},
				"down": {"uv": [0, 0, 8, 12.75], "texture": "#4"}
			}
		},
		{
			"from": [-14.10765, 3.09185, 9.06972],
			"to": [10.14235, 3.09185, 25.06972],
			"rotation": {"angle": 0, "axis": "z", "origin": [1.56316, 8.8987, 24.65986]},
			"faces": {
				"up": {"uv": [16, 0, 8, 12.75], "rotation": 270, "texture": "#4"},
				"down": {"uv": [8, 0, 16, 12.75], "rotation": 270, "texture": "#4"}
			}
		},
		{
			"from": [-14.10765, 3.01372, -6.93028],
			"to": [10.14235, 3.01372, 9.06972],
			"rotation": {"angle": 0, "axis": "z", "origin": [1.56316, 8.82057, 8.65986]},
			"faces": {
				"up": {"uv": [8, 0, 0, 12.75], "rotation": 270, "texture": "#4"},
				"down": {"uv": [0, 0, 8, 12.75], "rotation": 270, "texture": "#4"}
			}
		},
		{
			"from": [3.31371, -0.70312, 21.0235],
			"to": [19.31371, 20.29688, 21.0235],
			"rotation": {"angle": -45, "axis": "y", "origin": [19.31371, 7.54688, 21.0235]},
			"faces": {
				"north": {"uv": [8, 10.5, 16, 0], "rotation": 180, "texture": "#4"},
				"south": {"uv": [16, 10.5, 8, 0], "rotation": 180, "texture": "#4"}
			}
		},
		{
			"from": [8, -0.70312, -7.96875],
			"to": [8, 16.04688, 8.03125],
			"rotation": {"angle": -45, "axis": "y", "origin": [8, 3.29688, 8.03125]},
			"faces": {
				"east": {"uv": [0, 8.375, 8, 0], "rotation": 180, "texture": "#4"},
				"west": {"uv": [0, 8.375, 8, 0], "rotation": 180, "texture": "#4"}
			}
		},
		{
			"from": [-3.31371, -0.75, 3.31371],
			"to": [-3.31371, 16, 19.31371],
			"rotation": {"angle": -45, "axis": "y", "origin": [-3.31371, 3.25, 19.31371]},
			"faces": {
				"east": {"uv": [8, 8.5, 16, 0], "rotation": 180, "texture": "#4"},
				"west": {"uv": [8, 8.5, 16, 0], "rotation": 180, "texture": "#4"}
			}
		},
		{
			"from": [-8, -0.75, 9.67854],
			"to": [8, 20.25, 9.67854],
			"rotation": {"angle": -45, "axis": "y", "origin": [8, 7.5, 9.67854]},
			"faces": {
				"north": {"uv": [0, 10.5, 8, 0], "rotation": 180, "texture": "#4"},
				"south": {"uv": [8, 10.5, 0, 0], "rotation": 180, "texture": "#4"}
			}
		}
	],
	"display": {
		"thirdperson_righthand": {
			"rotation": [75, 45, 0],
			"translation": [0, 2.5, 0],
			"scale": [0.375, 0.375, 0.375]
		},
		"thirdperson_lefthand": {
			"rotation": [75, 45, 0],
			"translation": [0, 2.5, 0],
			"scale": [0.375, 0.375, 0.375]
		},
		"firstperson_righthand": {
			"rotation": [0, 45, 0],
			"scale": [0.4, 0.4, 0.4]
		},
		"firstperson_lefthand": {
			"rotation": [0, 225, 0],
			"scale": [0.4, 0.4, 0.4]
		},
		"ground": {
			"translation": [0, 3, 0],
			"scale": [0.25, 0.25, 0.25]
		},
		"gui": {
			"rotation": [30, 225, 0],
			"scale": [0.625, 0.625, 0.625]
		},
		"fixed": {
			"scale": [0.5, 0.5, 0.5]
		}
	},
	"groups": [
		{
			"name": "group",
			"origin": [8.23174, 7.26723, 8.4883],
			"children": [0, 1, 2, 3, 4, 5, 6, 7]
		}, 8, 9, 10, 11]
}