{
	"credit": "Made with Blockbench",
	"ambientocclusion": false,
	"texture_size": [32, 32],
	"textures": {
		"4": "block/pumpkin_stem_top",
		"particle": "block/pumpkin_stem_top"
	},
	"elements": [
		{
			"from": [-8, -12.25, 9.67854],
			"to": [24, 8.75, 9.67854],
			"rotation": {"angle": -45, "axis": "y", "origin": [8, -4, 9.67854]},
			"faces": {
				"north": {"uv": [0, 10.5, 16, 0], "rotation": 180, "texture": "#4"},
				"south": {"uv": [16, 10.5, 0, 0], "rotation": 180, "texture": "#4"}
			}
		},
		{
			"from": [8, -12.25, -8],
			"to": [8, 4.5, 24],
			"rotation": {"angle": -45, "axis": "y", "origin": [8, -8.25, 8]},
			"faces": {
				"east": {"uv": [0, 8.375, 16, 0], "rotation": 180, "texture": "#4"},
				"west": {"uv": [0, 8.375, 16, 0], "rotation": 180, "texture": "#4"}
			}
		}
	],
	"display": {
		"thirdperson_righthand": {
			"rotation": [75, 45, 0],
			"translation": [0, 2.5, 0],
			"scale": [0.375, 0.375, 0.375]
		},
		"thirdperson_lefthand": {
			"rotation": [75, 45, 0],
			"translation": [0, 2.5, 0],
			"scale": [0.375, 0.375, 0.375]
		},
		"firstperson_righthand": {
			"rotation": [0, 45, 0],
			"scale": [0.4, 0.4, 0.4]
		},
		"firstperson_lefthand": {
			"rotation": [0, 225, 0],
			"scale": [0.4, 0.4, 0.4]
		},
		"ground": {
			"translation": [0, 3, 0],
			"scale": [0.25, 0.25, 0.25]
		},
		"gui": {
			"rotation": [30, 225, 0],
			"scale": [0.625, 0.625, 0.625]
		},
		"fixed": {
			"scale": [0.5, 0.5, 0.5]
		}
	},
	"groups": [
		{
			"name": "group",
			"origin": [8.23174, 7.26723, 8.4883],
			"children": []
		}, 0, 1]
}